"Kod";"Nazwa";"ogółem;ogółem;2019;[zł]";"ogółem;ogółem;2020;[zł]";"ogółem;1 izbowe;2019;[zł]";"ogółem;1 izbowe;2020;[zł]";"ogółem;2 izbowe;2019;[zł]";"ogółem;2 izbowe;2020;[zł]";"ogółem;3 izbowe;2019;[zł]";"ogółem;3 izbowe;2020;[zł]";"ogółem;4 izbowe i większe;2019;[zł]";"ogółem;4 izbowe i większe;2020;[zł]";"sprzedaż na wolnym rynku;ogółem;2019;[zł]";"sprzedaż na wolnym rynku;ogółem;2020;[zł]";"sprzedaż na wolnym rynku;1 izbowe;2019;[zł]";"sprzedaż na wolnym rynku;1 izbowe;2020;[zł]";"sprzedaż na wolnym rynku;2 izbowe;2019;[zł]";"sprzedaż na wolnym rynku;2 izbowe;2020;[zł]";"sprzedaż na wolnym rynku;3 izbowe;2019;[zł]";"sprzedaż na wolnym rynku;3 izbowe;2020;[zł]";"sprzedaż na wolnym rynku;4 izbowe i większe;2019;[zł]";"sprzedaż na wolnym rynku;4 izbowe i większe;2020;[zł]";"sprzedaż przetargowa;ogółem;2019;[zł]";"sprzedaż przetargowa;ogółem;2020;[zł]";"sprzedaż przetargowa;1 izbowe;2019;[zł]";"sprzedaż przetargowa;1 izbowe;2020;[zł]";"sprzedaż przetargowa;2 izbowe;2019;[zł]";"sprzedaż przetargowa;2 izbowe;2020;[zł]";"sprzedaż przetargowa;3 izbowe;2019;[zł]";"sprzedaż przetargowa;3 izbowe;2020;[zł]";"sprzedaż przetargowa;4 izbowe i większe;2019;[zł]";"sprzedaż przetargowa;4 izbowe i większe;2020;[zł]";"sprzedaż bezprzetargowa;ogółem;2019;[zł]";"sprzedaż bezprzetargowa;ogółem;2020;[zł]";"sprzedaż bezprzetargowa;1 izbowe;2019;[zł]";"sprzedaż bezprzetargowa;1 izbowe;2020;[zł]";"sprzedaż bezprzetargowa;2 izbowe;2019;[zł]";"sprzedaż bezprzetargowa;2 izbowe;2020;[zł]";"sprzedaż bezprzetargowa;3 izbowe;2019;[zł]";"sprzedaż bezprzetargowa;3 izbowe;2020;[zł]";"sprzedaż bezprzetargowa;4 izbowe i większe;2019;[zł]";"sprzedaż bezprzetargowa;4 izbowe i większe;2020;[zł]";
0000000;"POLSKA";4730;5135;6358;6873;5380;5794;4582;4963;4164;4529;4844;5269;6458;6963;5486;5895;4702;5107;4258;4640;2287;2581;2130;3085;2272;2614;2296;2608;2361;2360;1064;1015;879;1523;1072;1027;1030;989;1147;1050;
0200000;"DOLNOŚLĄSKIE";4602;4591;6306;6449;5341;5238;4536;4545;3925;3989;4791;4779;6543;6781;5528;5443;4737;4752;4072;4115;1816;1996;1858;2063;1756;1884;1810;2117;1968;1813;1961;1826;1798;3364;1776;1680;1931;1744;2214;1868;
0201000;"Powiat bolesławiecki";3559;4175;2997;1893;3737;4297;3562;4193;3531;3956;3602;4200;2997;1893;3758;4312;3626;4241;3546;4028;2277;2105;0;0;1136;0;2739;1220;2289;2653;683;2473;0;0;0;0;0;0;0;2447;
0202000;"Powiat dzierżoniowski";2114;2244;2560;2364;1950;2036;2101;2301;2247;2333;2321;2579;3079;2480;2129;2445;2333;2675;2535;2686;1591;1810;1632;1936;1473;1749;1681;1812;1517;1823;1485;1908;0;0;0;0;2304;1908;0;0;
0203000;"Powiat głogowski";3505;4034;3969;4547;3792;4146;3501;3763;3401;3949;3507;4047;3969;4547;3825;4174;3504;3767;3392;3964;3230;3753;0;0;0;0;0;0;3414;0;2863;2714;0;0;0;0;0;0;0;0;
0204000;"Powiat górowski";1475;1671;0;0;1371;1724;1372;1414;1828;1698;1809;1727;0;1740;1789;2184;1660;1700;2044;1729;0;0;0;0;0;0;0;0;0;0;132;138;0;0;723;157;152;136;79;136;
0205000;"Powiat jaworski";2680;2848;2154;3279;2846;2307;2924;2626;2636;3288;2852;3309;2154;3512;3111;2747;3047;2670;2660;3797;0;0;0;0;0;0;0;0;0;0;2417;2435;0;0;734;2216;2425;2443;2420;2537;
0206000;"Powiat karkonoski";3284;3764;5130;8877;5708;6401;2724;3064;3066;2993;3335;3840;5130;8916;5754;6421;2801;3159;3155;3029;0;2083;0;0;0;0;0;0;0;0;1134;1927;0;0;0;2162;0;2177;888;1819;
0207000;"Powiat kamiennogórski";1913;2177;915;1111;1896;2064;1824;2179;2161;2295;1929;2190;915;972;1899;2095;1856;2179;2177;2380;1498;1815;0;0;1547;2001;0;0;0;0;0;0;0;0;0;0;0;0;0;0;
0208000;"Powiat kłodzki";2218;2623;2583;2905;2045;2773;2288;2676;2341;2353;2438;2782;2737;2975;2186;3114;2482;2749;2514;2524;1793;2444;2346;1426;1685;2419;1793;2679;1857;1668;1403;1464;930;0;1528;1504;1392;1426;1292;1320;
0209000;"Powiat legnicki";2075;2634;0;0;2029;2229;1964;2500;2366;3037;2335;2998;4028;0;2073;2612;2098;2644;2429;3240;1069;2555;0;0;0;0;0;0;0;0;1896;2048;0;0;0;2062;1892;2035;2002;2060;
0210000;"Powiat lubański";2570;2490;3187;3596;2490;2460;2445;2663;2699;2381;2722;2862;4546;3939;2770;3181;2705;2847;2730;2472;2101;2295;0;0;2173;2111;0;0;0;0;90;57;0;0;433;64;81;985;0;46;
0211000;"Powiat lubiński";3887;4354;4519;5603;4125;4733;3882;4352;3593;3991;3910;4410;4519;5690;4142;4743;3919;4437;3596;4016;0;3290;0;0;0;0;0;3528;0;0;493;42;0;0;49;42;158;41;3552;0;
0212000;"Powiat lwówecki";1569;1762;1849;0;1386;1480;1468;1905;1720;1838;1681;1980;1933;1378;1412;1926;1586;2050;1824;1944;0;1348;0;0;0;0;0;0;0;0;920;374;0;0;0;267;920;209;638;808;
0213000;"Powiat milicki";2682;3950;0;4648;2717;4858;2705;4043;2632;3309;2712;3950;2309;4648;2827;4930;2747;4336;2632;3656;0;0;0;0;0;0;0;0;0;0;303;1471;0;0;0;817;705;1877;0;0;
0214000;"Powiat oleśnicki";3545;4438;3915;1320;3542;4779;3760;4619;3412;3711;3842;4619;4647;1320;3969;4841;3959;4704;3523;3846;2180;2598;0;0;0;0;0;0;0;0;2812;355;1145;0;2729;385;2905;357;2505;336;
0215000;"Powiat oławski";3960;4470;3933;4864;4363;4519;4130;4521;3413;4209;4236;4509;3933;4864;4400;4535;4251;4602;3922;4289;0;0;0;0;0;0;0;0;0;0;76;643;0;0;1250;1763;3109;321;76;3109;
0216000;"Powiat polkowicki";3173;3209;2669;1668;3431;2445;3209;3454;2923;3232;3344;3326;3646;2414;3571;2445;3359;3742;3207;3248;2805;0;0;0;0;0;0;0;0;0;2578;2609;0;0;1985;2517;2600;2651;2589;3232;
0217000;"Powiat strzeliński";2935;3242;3659;3361;2952;3806;2858;3243;2849;2971;3004;3404;3928;3436;2952;4199;3141;3442;3004;3063;0;0;0;0;0;0;0;0;0;0;1825;2932;0;3360;0;2040;997;3087;2034;2844;
0218000;"Powiat średzki";4488;4903;4678;5226;4715;5514;4525;4786;4165;4398;4505;5018;4678;5226;4718;5514;4524;4924;4174;4414;0;0;0;0;0;0;0;0;0;0;3683;2357;0;0;0;0;0;2357;0;0;
0219000;"Powiat świdnicki";2957;3385;2372;3852;2957;3456;3059;3399;2836;3249;3304;3920;2608;4325;3295;3947;3414;3999;3270;3736;1716;2072;0;2072;2305;2022;1141;3284;1658;1933;258;85;0;30;241;78;262;85;252;115;
0220000;"Powiat trzebnicki";4000;4452;4469;4025;4059;4455;3934;4601;3933;4190;4077;4499;4651;4025;4111;4490;3989;4615;4144;4318;0;0;0;0;0;0;0;0;0;0;2376;2619;0;0;3295;0;2472;2557;2157;2649;
0221000;"Powiat wałbrzyski";1536;1546;1628;1010;1415;1473;1546;1564;1632;1644;1601;1766;1628;1087;1473;1750;1598;1720;1987;2083;1639;844;1703;890;1107;903;1861;735;0;980;1291;1339;0;0;1096;1278;1320;1339;1353;1400;
0222000;"Powiat wołowski";3293;3704;3055;2559;3121;3323;3333;3867;3404;3574;2909;3776;3252;2525;2875;3323;2863;3889;2970;3681;0;0;0;0;0;0;0;0;0;0;3734;1645;0;0;3937;0;3748;1693;3709;1509;
0223000;"Powiat wrocławski";4694;5108;5341;6225;4819;5461;4687;5103;4406;4395;4696;5113;5467;6321;4820;5462;4699;5115;4428;4399;0;0;0;0;0;0;0;0;0;0;1801;2842;0;2874;0;0;1748;2842;1539;2841;
0224000;"Powiat ząbkowicki";1519;1938;1454;2149;1356;1693;1647;1931;1596;1991;1803;2076;1029;2585;1436;2155;2000;2013;2032;2159;0;1259;0;0;0;954;0;2594;0;0;1082;1273;0;0;1109;1240;1106;1273;1060;1344;
0225000;"Powiat zgorzelecki";2970;3218;3293;3911;3361;3340;2790;3067;2923;3294;3077;3265;3723;3911;3398;3352;2899;3137;2978;3302;1078;0;0;0;0;0;0;0;0;0;969;159;0;0;1216;1698;123;160;1420;97;
0226000;"Powiat złotoryjski";2216;2475;0;0;2604;2335;2209;2606;2012;2329;2209;2791;2500;3035;2604;2441;2176;2980;2010;2830;0;0;0;0;0;0;0;0;0;0;2286;1804;0;0;0;1975;2283;1778;2210;1863;
0261000;"Powiat m.Jelenia Góra";3333;4000;4034;4298;3801;4526;3147;4008;3020;3362;3496;4185;4036;4299;3878;4637;3462;4190;3199;3489;1923;1834;0;0;2485;2249;1474;2130;1641;1536;2329;3036;0;0;2299;2835;2361;3214;2138;3055;
0262000;"Powiat m.Legnica";3436;4023;3836;5338;3683;4722;3519;3987;3139;3487;3486;4112;3833;5138;3703;4734;3548;4178;3197;3626;2104;3419;0;4839;1592;3486;2396;2566;2299;1929;2781;3284;3903;5533;3292;4942;2605;2736;2481;2833;
0264000;"Powiat m.Wrocław";6250;7026;7500;8418;6573;7462;6191;6963;5703;6441;6279;7055;7541;8451;6596;7502;6198;6988;5749;6495;6049;6377;6605;9503;7800;8102;6073;5723;4777;5496;5047;5301;4829;5390;5102;5332;5081;5291;5022;5202;
0265000;"Powiat m.Wałbrzych od 2013";1984;2581;1758;2880;1744;2120;2031;2755;2471;2617;2387;2618;2197;2912;1984;2232;2423;2843;2560;2623;1052;1343;0;0;1193;1266;1419;1987;975;2584;1599;1602;1593;0;1514;1542;1666;1662;1556;2320;
0400000;"KUJAWSKO-POMORSKIE";4119;4590;5001;5667;4648;5258;4085;4499;3813;4271;4218;4758;5062;5714;4744;5415;4198;4646;3896;4422;3137;3919;3549;0;2934;2898;3102;3807;3662;4003;2042;1911;1125;1786;1734;2765;2053;1892;2051;1731;
0401000;"Powiat aleksandrowski";3314;3662;3387;4518;3316;3867;3371;3593;2775;3922;3367;3672;3593;4518;3340;4060;3443;3631;3113;4019;0;0;0;0;0;0;0;0;0;0;1152;1590;0;0;675;1219;1260;1640;1394;0;
0402000;"Powiat brodnicki";3699;3851;3489;3315;3698;4339;3823;3861;2942;2687;3723;3868;3489;3315;3698;4422;3851;3883;3101;2888;0;1472;0;0;0;0;0;0;0;0;561;555;0;0;0;0;529;555;586;558;
0403000;"Powiat bydgoski";3691;4404;4950;0;3993;5631;3513;4271;3645;4347;3728;4427;4950;1059;3996;5608;3546;4343;3645;4363;0;3509;0;0;0;0;0;0;0;0;2578;0;0;0;0;0;0;0;0;0;
0404000;"Powiat chełmiński";2853;3193;0;3398;2555;2520;2972;3193;2953;3238;2882;3193;1649;3398;2555;2341;3008;3193;2918;3312;0;0;0;0;0;0;0;0;0;0;1001;850;0;0;0;0;1001;0;0;0;
0405000;"Powiat golubsko-dobrzyński";2800;2639;3109;0;2115;1858;2873;2639;2993;3011;2977;3031;3350;3685;2579;1839;3013;3050;3119;3356;0;0;0;0;0;0;0;0;0;0;264;237;0;0;237;0;361;237;0;77;
0406000;"Powiat grudziądzki";1559;1413;0;0;1917;1426;1670;1551;1254;1269;1598;1654;1917;1093;2214;1803;1616;1656;1493;1583;0;1604;0;0;0;0;0;0;0;0;864;652;0;0;1764;0;2737;367;360;654;
0407000;"Powiat inowrocławski";3527;4121;2619;4055;3719;4316;3717;4180;3437;3905;3618;4217;2970;4055;3759;4375;3791;4252;3473;4112;3437;3763;0;0;0;0;0;3763;0;0;1808;2859;0;0;749;2988;2107;2719;1579;2840;
0408000;"Powiat lipnowski";2247;2244;0;2479;1938;3311;2422;1811;2189;1862;2418;2366;3320;2479;1938;3450;2425;2123;2488;1862;0;0;0;0;0;0;0;0;0;0;489;125;0;0;0;0;0;123;0;0;
0409000;"Powiat mogileński";2894;3215;0;3575;1975;3266;2684;3170;3026;2849;2928;3462;810;3575;1975;3501;2840;3490;3029;3215;0;0;0;0;0;0;0;0;0;0;1024;1618;0;0;0;2010;1024;789;0;1805;
0410000;"Powiat nakielski";3109;3709;0;4198;3127;4056;3478;3585;2698;3264;3156;3738;4429;4095;3141;4075;3541;3699;2758;3377;0;0;0;0;0;0;0;0;0;0;1017;1136;0;0;1734;2968;848;54;347;0;
0411000;"Powiat radziejowski";2143;1909;0;0;2252;2167;2105;1790;2119;1862;2302;2020;2759;0;2252;2167;2105;1790;2302;1934;0;0;0;0;0;0;0;0;0;0;211;370;0;0;0;0;0;0;211;370;
0412000;"Powiat rypiński";2980;3200;2228;0;3224;3926;2927;3041;3065;3364;2980;3249;2228;0;3224;3926;2927;3043;3065;3364;0;0;0;0;0;0;0;0;0;0;0;598;0;0;0;0;0;0;0;0;
0413000;"Powiat sępoleński";2378;2720;1660;2901;1739;3370;2568;2335;2377;2112;2439;2760;2053;2901;2288;3373;2589;2626;2377;2249;0;0;0;0;0;0;0;0;0;0;0;264;0;0;0;0;0;0;0;0;
0414000;"Powiat świecki";3308;3816;0;2088;3424;3769;3375;3756;3015;4037;3356;3986;2614;2487;3424;3844;3507;3947;3088;4175;0;0;0;0;0;0;0;0;0;0;720;1357;0;0;0;0;862;1342;388;1247;
0415000;"Powiat toruński";3078;3362;0;1786;2943;3528;3078;3267;3201;3364;3078;3397;4072;3222;2943;3923;3078;3364;3163;3371;0;0;0;0;0;0;0;0;0;0;2920;1005;0;0;0;1036;2639;984;3201;953;
0416000;"Powiat tucholski";2675;2510;0;0;1838;1954;2675;2879;2802;3106;2674;2749;1818;0;1837;1992;2675;2879;2802;3175;0;0;0;0;0;0;0;0;0;0;0;0;0;0;0;0;0;0;0;0;
0417000;"Powiat wąbrzeski";2782;3442;0;0;2772;1779;2915;3842;2558;3477;2782;3442;2811;3423;2772;1779;2915;3842;2558;3477;0;0;0;0;0;0;0;0;0;0;0;0;0;0;0;0;0;0;0;0;
0418000;"Powiat włocławski";1717;1793;1841;1721;1728;1035;1590;1627;1982;2090;1826;2053;1841;1815;1806;1566;1717;2030;1988;2200;2459;1217;0;0;2111;0;2807;0;0;0;486;1185;0;0;254;781;486;1584;0;1051;
0419000;"Powiat żniński";3004;3465;0;2166;3716;3952;2805;3466;2604;3049;2724;3333;3711;2166;3714;3402;2687;3406;2595;3125;0;1669;0;0;0;0;0;0;0;0;3835;3978;0;0;3818;4059;3859;3996;3744;1208;
0461000;"Powiat m.Bydgoszcz";5024;5687;5047;5952;5282;6142;5045;5693;4783;5173;5043;5769;5047;5947;5286;6153;5058;5769;4803;5282;3938;4271;0;0;0;4488;3960;4356;3916;4182;3755;3924;0;0;0;0;3934;3924;3064;4348;
0462000;"Powiat m.Grudziądz";3250;3505;3687;0;3410;3621;3256;3641;3145;3354;3356;3653;3767;3578;3548;3789;3383;3733;3313;3434;2190;1500;0;0;2190;2430;1984;1455;2712;1464;2287;2495;0;0;2561;2670;2309;2466;2280;2448;
0463000;"Powiat m.Toruń";5271;6059;6360;6886;5810;6676;5313;6076;4797;5539;5275;6060;6376;6886;5818;6679;5313;6084;4801;5539;4017;5247;0;0;0;0;0;0;0;0;0;0;0;0;0;0;0;0;0;0;
0464000;"Powiat m.Włocławek";3198;3870;3344;4240;3502;4023;3152;3934;3013;3646;3217;3888;3344;4240;3511;4029;3206;3966;3029;3651;0;0;0;0;0;0;0;0;0;0;2685;2572;0;0;2786;0;2567;2612;2709;0;
0600000;"LUBELSKIE";4922;5527;5483;8069;5224;5816;4897;5407;4687;5110;4951;5552;5483;8069;5257;5831;4950;5452;4709;5141;3578;5154;0;0;3616;0;3540;4651;0;5132;1589;1959;0;0;1635;2912;2282;1959;1001;1859;
0601000;"Powiat bialski";3038;3260;0;0;3092;3277;3038;3348;2994;3010;3038;3282;1734;904;3092;3277;3038;3349;2994;3010;0;0;0;0;0;0;0;0;0;0;0;2889;0;0;0;0;0;0;0;0;
0602000;"Powiat biłgorajski";3449;3636;0;0;3713;3505;3418;3800;3401;3576;3449;3636;3163;3409;3713;3505;3418;3781;3401;3582;0;0;0;0;0;0;0;0;0;0;0;0;0;0;0;0;0;0;0;0;
0603000;"Powiat chełmski";2034;2500;0;0;2477;2500;2175;2100;1937;2761;2175;2718;1827;0;2477;2500;2248;2489;2150;2783;0;0;0;0;0;0;0;0;0;0;341;0;0;0;0;0;0;0;341;0;
0604000;"Powiat hrubieszowski";2463;2597;0;0;2315;2704;2244;2597;2637;2500;2466;2604;2161;3716;2325;2704;2244;2604;2637;2554;0;0;0;0;0;0;0;0;0;0;0;609;0;0;0;0;0;642;0;0;
0605000;"Powiat janowski";4262;3642;0;0;4717;1969;4443;3953;4126;3642;4262;3703;0;3299;4717;1969;4443;4156;4126;3642;0;0;0;0;0;0;0;0;0;0;0;0;0;0;0;0;0;0;0;0;
0606000;"Powiat krasnostawski";3117;3514;0;0;3356;3514;2876;3375;3115;3958;3117;3514;3095;0;3356;3514;2876;3375;3115;3958;0;0;0;0;0;0;0;0;0;0;0;0;0;0;0;0;0;0;0;0;
0607000;"Powiat kraśnicki";2810;3466;0;0;2757;3392;2832;3601;2798;3387;2810;3466;0;2910;2742;3392;2832;3601;2820;3387;0;0;0;0;0;0;0;0;0;0;0;0;0;0;0;0;0;0;0;0;
0608000;"Powiat lubartowski";4038;4420;0;1326;4118;4274;4066;4387;3557;4547;4052;4467;5933;1326;4118;4328;4069;4432;3560;4554;0;0;0;0;0;0;0;0;0;0;3269;3150;0;0;0;0;0;3150;0;0;
0609000;"Powiat lubelski";4333;4661;2028;0;4233;4950;4423;4680;4214;4579;4337;4662;2028;6306;4233;4950;4430;4699;4215;4579;0;0;0;0;0;0;0;0;0;0;2464;0;0;0;0;0;2332;0;0;0;
0610000;"Powiat łęczyński";4050;3653;0;0;4645;3804;4536;3462;3647;3876;4112;3653;0;771;4645;3804;4583;3462;3647;3876;0;0;0;0;0;0;0;0;0;0;0;0;0;0;0;0;0;0;0;0;
0611000;"Powiat łukowski";3814;4462;5373;0;4071;4504;3696;4378;3635;4444;3686;4419;5373;503;3939;4504;3696;4386;3633;4289;0;0;0;0;0;0;0;0;0;0;4936;4478;0;0;4937;4499;0;4376;0;4478;
0612000;"Powiat opolski";2952;2891;0;0;2851;2981;2965;2863;2951;2951;2937;2834;0;2778;2851;2783;2955;2784;2951;2970;0;0;0;0;0;0;0;0;0;0;2999;3031;0;0;0;0;2999;3031;0;2903;
0613000;"Powiat parczewski";3118;3200;0;0;2714;5034;3017;3752;3256;3200;3118;3200;0;0;2714;5034;3017;3752;3256;3200;0;0;0;0;0;0;0;0;0;0;0;0;0;0;0;0;0;0;0;0;
0614000;"Powiat puławski";4101;4554;5928;4444;4035;4580;4146;4488;3804;4622;4177;4572;5928;4444;4114;4580;4177;4511;3854;4626;0;0;0;0;0;0;0;0;0;0;622;659;0;0;606;0;617;647;625;0;
0615000;"Powiat radzyński";2959;3172;2960;0;2959;3133;2959;3131;2960;3231;2960;3231;2960;0;2959;3283;2960;3131;2960;3299;0;0;0;0;0;0;0;0;0;0;2770;293;0;0;0;0;2907;0;0;0;
0616000;"Powiat rycki";3000;3358;0;0;1957;3508;3261;3460;2986;3219;3118;3458;3811;0;2095;3508;3394;3487;3035;3289;0;0;0;0;0;0;0;0;0;0;652;688;0;0;0;0;522;1371;615;655;
0617000;"Powiat świdnicki";4529;5120;0;0;4545;5132;4494;5088;4579;5184;4581;5207;4035;2509;4549;5196;4553;5288;4685;5207;0;0;0;0;0;0;0;0;0;0;3835;3738;0;0;3902;0;3880;3811;3616;0;
0618000;"Powiat tomaszowski";2853;3099;0;0;3383;4305;2378;3386;2853;2000;2902;3360;1845;1446;3383;4399;2378;3553;2902;2041;0;0;0;0;0;0;0;0;0;0;0;2682;0;0;0;0;0;0;0;0;
0619000;"Powiat włodawski";2378;2826;0;0;2155;2797;2400;2979;2538;2582;2437;2830;0;0;2260;2797;2450;2979;2569;2687;0;0;0;0;0;0;0;0;0;0;1497;0;0;0;0;0;0;0;0;0;
0620000;"Powiat zamojski";2226;2267;0;0;2359;2069;0;2481;2226;2660;2163;2267;0;1445;2359;2069;864;2481;2146;2660;0;0;0;0;0;0;0;0;0;0;0;0;0;0;0;0;0;0;0;0;
0661000;"Powiat m.Biała Podlaska";3201;3643;3360;3199;3188;3649;3223;3652;3180;3450;3201;3643;3360;3199;3188;3649;3223;3652;3180;3450;0;0;0;0;0;0;0;0;0;0;0;0;0;0;0;0;0;0;0;0;
0662000;"Powiat m.Chełm";3506;3856;0;2564;3512;4253;3492;4004;3534;3652;3506;3856;0;2564;3512;4253;3492;4004;3534;3652;0;0;0;0;0;0;0;0;0;0;0;0;0;0;0;0;0;0;0;0;
0663000;"Powiat m.Lublin";5584;6250;5706;8466;5885;6483;5608;6208;5380;5905;5584;6251;5706;8466;5882;6483;5609;6210;5381;5908;4407;5306;0;0;0;0;0;5541;0;5259;0;0;0;0;0;0;0;0;0;0;
0664000;"Powiat m.Zamość";3896;4550;4065;0;3864;4660;3928;4496;3836;4459;3952;4621;4065;5263;3912;4689;4038;4564;3929;4560;0;0;0;0;0;0;0;0;0;0;1586;1618;0;0;1630;1765;1533;1669;1547;1569;
0800000;"LUBUSKIE";3341;3801;4002;4285;3686;4153;3270;3754;3105;3492;3444;3924;4024;4335;3734;4246;3385;3912;3178;3600;2006;2625;1842;1965;1816;1995;2258;2713;2282;2721;1321;1902;972;997;1295;2169;1333;1805;1370;1762;
0801000;"Powiat gorzowski";3396;3702;4048;4359;3902;3846;3231;3850;2658;3092;3548;4287;4048;4362;3940;4155;3487;4409;2905;3733;0;0;0;0;0;0;0;0;0;0;17;30;0;0;35;35;17;30;17;20;
0802000;"Powiat krośnieński";2517;3112;3203;3047;2948;3609;2475;2791;2460;2907;2675;3493;3729;3047;3183;3655;2571;3112;2597;3108;1549;0;0;0;0;0;0;0;0;0;1342;1807;0;0;1746;2025;1638;1802;1284;1599;
0803000;"Powiat międzyrzecki";2509;3177;0;1493;2891;3076;2389;3244;2582;3157;2583;3240;0;1254;2917;3099;2398;3311;2612;3215;0;0;0;0;0;0;0;0;0;0;281;1008;0;0;0;2817;0;941;139;912;
0804000;"Powiat nowosolski";2744;3250;3759;3930;2899;3533;2582;2856;2745;3304;2853;3533;3759;3984;3113;3820;2703;3339;2772;3436;1568;2812;0;0;0;1977;0;0;0;0;817;2134;0;0;817;2441;568;1991;885;1919;
0805000;"Powiat słubicki";1894;3801;2659;4274;3036;4365;1492;3801;2003;3793;2081;3813;2659;4274;3096;4564;1549;3904;2156;3798;0;0;0;0;0;0;0;0;0;0;1321;1457;0;0;0;1181;0;1466;1660;1376;
0806000;"Powiat strzelecko-drezdenecki";2339;2796;0;3413;2247;3388;2304;2506;2391;2765;2395;2817;3725;3413;2247;3388;2406;2521;2391;2765;0;0;0;0;0;0;0;0;0;0;912;0;0;0;0;0;912;0;0;0;
0807000;"Powiat sulęciński";2519;2679;0;0;2287;2446;2817;2220;2474;2986;2543;2793;1291;0;2346;2539;2908;2952;2502;3064;0;0;0;0;0;0;0;0;0;0;381;1952;0;0;0;0;0;1894;381;0;
0808000;"Powiat świebodziński";3327;3701;3500;4380;3327;3812;3359;3782;3196;3125;3366;3761;3500;4407;3332;3823;3421;3794;3367;3398;0;1855;0;0;0;0;0;0;0;0;1839;1902;0;0;0;0;1904;1659;1807;1570;
0809000;"Powiat zielonogórski";2875;3301;0;3300;2988;3478;2989;3316;2619;2687;2991;3308;3442;3300;2991;3520;3147;3321;2690;2756;0;0;0;0;0;0;0;0;0;0;1425;1843;0;0;1382;0;1791;1780;1343;1252;
0810000;"Powiat żagański";1916;2399;1201;2252;1742;2399;1855;2264;2150;2532;2065;2519;1442;2252;1849;2267;2046;2452;2193;2711;1558;2668;0;0;0;2996;0;2668;0;0;818;2011;0;0;532;1780;824;2063;889;1817;
0811000;"Powiat żarski";2562;2913;2579;3935;2510;2589;2541;3066;2627;2808;2844;3159;2814;3935;2872;2978;2918;3285;2758;2959;1816;1749;0;0;1816;2016;2383;2251;0;0;1818;2137;0;0;2233;2053;1328;1580;2207;2414;
0812000;"Powiat wschowski";1943;2381;178;3644;1920;2244;1858;2292;1971;2538;2122;2713;6141;3766;1987;2428;2230;2528;2073;2765;0;0;0;0;0;0;0;0;0;0;135;190;0;0;0;0;135;204;128;168;
0861000;"Powiat m.Gorzów Wielkopolski";3802;4329;4643;5382;3865;4504;3842;4367;3559;4039;3809;4352;4643;5382;3869;4525;3861;4446;3582;4064;0;3107;0;0;0;0;0;3031;0;0;2091;2132;0;0;0;0;2113;0;2029;0;
0862000;"Powiat m.Zielona Góra";3961;4502;4966;5636;4200;4934;3989;4502;3750;4074;4000;4562;5074;5636;4225;5031;4024;4584;3774;4145;3603;3249;0;0;0;3387;3430;0;3492;0;3160;2992;0;0;2943;3019;3160;2962;3170;3067;
1000000;"ŁÓDZKIE";4392;4995;5214;5934;4813;5316;4292;4877;4029;4566;4538;5145;5303;6021;4938;5438;4412;5043;4210;4755;2689;3422;2604;3782;2499;3475;2948;3205;2986;1703;653;678;615;315;622;590;643;662;836;863;
1001000;"Powiat bełchatowski";2980;3041;0;0;3354;2738;3077;3228;2923;2974;3172;3578;0;0;3653;3592;3344;3644;3083;3489;0;0;0;0;0;0;0;0;0;0;2315;2619;0;0;2397;2615;2337;2596;2312;2619;
1002000;"Powiat kutnowski";3616;4203;3600;3801;3598;3801;3600;4270;3941;4545;3653;4203;3600;3801;3600;3801;3601;4444;3942;4545;3023;0;0;0;0;0;3023;0;0;0;1499;2969;0;0;0;0;1428;0;0;0;
1003000;"Powiat łaski";3144;3237;0;0;3731;3542;3030;3059;2952;3348;3246;3253;0;2094;3739;3844;3295;3078;3012;3397;0;0;0;0;0;0;0;0;0;0;208;1341;0;0;0;0;203;0;0;0;
1004000;"Powiat łęczycki";3128;3212;0;2092;2590;2320;3494;3684;3086;3420;3142;3511;2987;2092;2590;3109;3562;3738;3086;3784;0;0;0;0;0;0;0;0;0;0;0;290;0;0;0;310;0;290;0;202;
1005000;"Powiat łowicki";3704;4251;0;0;3964;4823;3684;4279;3693;3980;3704;4251;0;0;3964;4823;3684;4279;3693;3980;0;0;0;0;0;0;0;0;0;0;0;0;0;0;0;0;0;0;0;0;
1006000;"Powiat łódzki wschodni";3041;3674;628;0;3064;1883;2521;3053;4011;4566;3560;4521;4490;1279;3371;3671;3058;3979;4045;4613;3237;0;0;0;0;0;0;0;0;0;134;134;134;0;230;134;134;134;0;132;
1007000;"Powiat opoczyński";3279;3518;0;0;3305;3491;3282;3629;3254;3402;3281;3600;0;0;3305;3491;3282;3636;3278;3486;0;0;0;0;0;0;0;0;0;0;0;1338;0;0;0;0;0;0;0;2840;
1008000;"Powiat pabianicki";3299;4176;1829;2716;3511;4195;3260;3971;3408;4358;3563;4343;2773;4762;3930;4305;3498;4147;3549;4411;2737;3536;0;0;0;0;2809;0;0;0;1698;2349;0;2131;1654;2189;1401;2624;2409;2265;
1009000;"Powiat pajęczański";3165;3062;0;0;2713;0;3802;3007;0;3990;3165;3118;3214;0;2713;1939;3802;3118;4841;3990;0;0;0;0;0;0;0;0;0;0;0;0;0;0;0;0;0;0;0;0;
1010000;"Powiat piotrkowski";1892;2321;0;0;1892;0;1778;2321;2075;2508;1950;2613;0;0;1892;1300;1950;2337;2272;3316;0;0;0;0;0;0;0;0;0;0;1338;173;0;0;0;0;0;0;0;47;
1011000;"Powiat poddębicki";3602;3000;0;0;4027;0;3254;2986;3602;3130;3435;3564;0;0;4128;0;3345;3282;3130;3781;0;3512;0;0;0;0;0;4082;0;0;3678;1601;0;0;0;0;2998;1795;0;1799;
1012000;"Powiat radomszczański";3408;3621;2133;2904;3582;2772;3526;3884;2967;3484;3408;3656;2133;2904;3582;3433;3526;3974;2967;3484;0;0;0;0;0;0;0;0;0;0;0;530;0;0;0;436;0;530;0;0;
1013000;"Powiat rawski";3848;4490;0;0;4174;4360;3636;4490;3884;4841;4149;4543;5330;0;4680;4363;4149;4490;3913;4910;3848;0;0;0;0;0;0;0;0;0;1206;0;0;0;0;0;1567;0;0;0;
1014000;"Powiat sieradzki";3377;3748;0;3746;2944;3750;3420;3499;3256;3875;3446;3755;2809;3747;2972;3750;3474;3751;3475;3875;2093;0;0;0;0;0;0;0;0;0;1962;2981;0;0;0;0;2281;3030;1355;0;
1015000;"Powiat skierniewicki";2079;2687;0;0;0;2872;2060;0;2146;0;2079;2687;0;0;2701;2872;2060;1864;2146;0;0;0;0;0;0;0;0;0;0;0;0;0;0;0;0;0;0;0;0;0;
1016000;"Powiat tomaszowski";3579;4155;0;0;3862;4866;3533;4070;3517;4000;3633;4258;0;0;3901;4877;3589;4104;3594;4052;0;0;0;0;0;0;0;0;0;0;1437;2321;0;0;0;0;1824;2335;1380;0;
1017000;"Powiat wieluński";3116;3928;0;0;4353;4802;2740;3967;3146;3136;4173;4497;3650;0;4495;4909;4029;4441;4149;3950;0;0;0;0;0;0;0;0;0;0;426;462;0;0;430;524;433;466;426;444;
1018000;"Powiat wieruszowski";3320;3548;0;3695;3328;3821;3303;3515;3377;3233;3328;3577;3596;3695;3328;3821;3311;3519;3417;3233;0;0;0;0;0;0;0;0;0;0;2399;0;0;0;0;0;0;0;0;0;
1019000;"Powiat zduńskowolski";3315;3532;4080;0;3587;3438;3277;3564;3155;3524;3310;3669;4080;4217;3587;3967;3252;3676;3155;3626;0;0;0;0;0;0;0;0;0;0;0;1191;0;0;0;1239;0;1183;0;1094;
1020000;"Powiat zgierski";3318;4233;3761;2087;3135;4288;3344;4124;3326;4246;3626;4302;4241;3029;3672;4496;3572;4286;3668;4285;1464;1432;2103;0;1262;2067;1582;1461;1183;1253;625;744;0;0;340;578;492;725;719;833;
1021000;"Powiat brzeziński";4088;4466;0;0;4182;4654;4147;4354;3177;4373;4062;4449;0;0;4204;4654;3983;4332;3177;4373;0;0;0;0;0;0;0;0;0;0;4473;4657;0;0;4148;0;4594;4427;0;0;
1061000;"Powiat m.Łódź";4902;5436;5327;6052;5225;5593;4727;5271;4653;5180;4999;5549;5379;6087;5303;5684;4820;5431;4791;5306;3231;3733;3058;3957;2658;3735;4377;3713;3282;3513;637;626;276;273;321;359;639;644;650;628;
1062000;"Powiat m.Piotrków Trybunalski";3564;4196;668;4299;3440;4693;3954;4297;3485;3670;3917;4379;2080;4299;4034;4735;4151;4497;3558;3832;0;0;0;0;0;0;0;0;0;0;652;705;641;0;648;647;637;708;673;736;
1063000;"Powiat m.Skierniewice";4876;5110;5703;0;5097;5720;5027;5056;4182;4968;4879;5110;5703;6078;5101;5720;5027;5056;4183;4968;0;0;0;0;0;0;0;0;0;0;0;0;0;0;0;0;0;0;0;0;
1200000;"MAŁOPOLSKIE";6439;7258;7835;8497;6775;7760;6260;7097;5593;6046;6461;7297;7846;8499;6800;7788;6289;7146;5620;6106;3797;4582;0;0;6097;5058;3722;6490;7863;3348;971;1040;0;6527;760;1214;957;846;1162;1062;
1201000;"Powiat bocheński";4514;4959;0;5054;4512;4999;4557;4949;4596;4120;4514;4990;4395;5054;4512;5011;4557;4950;4596;4120;0;0;0;0;0;0;0;0;0;0;0;271;0;0;0;0;0;385;0;0;
1202000;"Powiat brzeski";3632;4189;4648;4790;3533;4582;3989;3958;2905;3270;3913;4266;4648;4790;3632;4605;3991;4112;2905;3270;0;0;0;0;0;0;0;0;0;0;0;2581;0;0;0;0;0;0;0;0;
1203000;"Powiat chrzanowski";3235;3814;4492;3598;3079;3481;3307;3847;3228;3886;3258;3795;4492;3598;3079;3445;3307;3847;3251;3886;2768;4582;0;0;0;4582;0;0;0;0;2630;0;0;0;0;0;0;0;2630;0;
1204000;"Powiat dąbrowski";2836;3154;0;0;2935;4138;2775;3288;2894;2729;2886;3589;0;0;3034;4138;2792;3616;2894;2850;0;0;0;0;0;0;0;0;0;0;2438;909;0;0;0;0;2472;0;0;0;
1205000;"Powiat gorlicki";3485;3520;0;0;3790;3390;3558;3499;3116;3621;3708;3651;2269;0;3884;3631;3851;3530;3216;3716;0;0;0;0;0;0;0;0;0;0;1269;1302;0;0;3452;0;1254;1319;1042;1285;
1206000;"Powiat krakowski";4971;5434;5700;5496;5105;5685;5023;5637;4781;5181;4989;5435;5700;5496;5105;5685;5032;5649;4781;5187;0;0;0;0;0;0;0;0;0;0;1973;2149;0;0;0;0;1465;0;0;0;
1207000;"Powiat limanowski";3804;4347;0;0;3272;5507;4360;3732;3811;4555;4211;4425;2750;3143;3951;5507;4425;3836;3817;4555;0;0;0;0;0;0;0;0;0;0;56;0;0;0;56;0;56;0;0;0;
1208000;"Powiat miechowski";3846;4418;0;0;3914;4664;3750;3956;4021;0;3846;4418;0;7008;3914;4664;3750;3956;4021;1873;0;0;0;0;0;0;0;0;0;0;0;0;0;0;0;0;0;0;0;0;
1209000;"Powiat myślenicki";4955;5936;6263;6301;5371;6673;5566;5525;4287;4699;4955;5971;6263;6301;5371;6696;5566;5562;4287;4699;0;0;0;0;0;0;0;0;0;0;0;885;0;0;0;859;0;0;0;0;
1210000;"Powiat nowosądecki";3970;4054;6031;5376;5914;4973;3995;4083;3587;3987;4000;4083;6031;5376;6468;5080;4061;4159;3587;4000;0;0;0;0;0;0;0;0;0;0;413;1582;0;0;413;0;0;1582;0;0;
1211000;"Powiat nowotarski";4892;5171;4832;5069;4902;5137;4980;5398;4775;5185;4892;5176;4832;5069;4902;5137;4980;5447;4772;5198;0;0;0;0;0;0;0;0;0;0;0;1012;0;0;0;0;0;0;0;0;
1212000;"Powiat olkuski";3476;3758;0;0;3855;4092;3485;4090;3316;3638;3527;3784;2817;4225;3898;4040;3520;4096;3427;3657;0;0;0;0;0;0;0;0;0;0;287;0;0;0;287;0;287;0;287;0;
1213000;"Powiat oświęcimski";3615;4233;4095;5197;3779;4612;3672;3975;3481;4073;3662;4358;4095;5197;3814;4648;3695;4036;3488;4160;3164;0;0;0;0;0;3164;0;0;0;769;1089;0;0;585;1057;1052;621;931;2904;
1214000;"Powiat proszowicki";3367;4264;0;0;0;0;3459;4332;0;3156;3367;4264;0;0;3234;5336;3459;4276;4519;3967;0;0;0;0;0;0;0;0;0;0;0;0;0;0;0;0;0;0;0;0;
1215000;"Powiat suski";2957;4115;0;0;2766;4717;3329;4454;1891;3133;3329;4249;0;0;2941;4859;3361;4782;2686;3133;0;0;0;0;0;0;0;0;0;0;1424;0;0;0;0;0;0;0;0;0;
1216000;"Powiat tarnowski";3090;4006;0;0;0;4095;3090;4317;3608;2280;3090;4170;2256;0;4677;4095;3090;4317;3608;2717;0;0;0;0;0;0;0;0;0;0;0;0;0;0;0;0;0;0;0;0;
1217000;"Powiat tatrzański";8729;10485;7353;10520;9851;10434;8485;10738;7560;10298;8780;10520;7353;10577;9851;10434;8669;10745;7560;10316;0;0;0;0;0;0;0;0;0;0;0;6392;0;0;0;0;0;0;0;0;
1218000;"Powiat wadowicki";4055;5195;3304;5705;4128;5539;4054;5001;3976;4501;4094;5199;3604;5716;4128;5540;4126;5033;4018;4570;3475;0;0;0;0;0;0;0;0;0;363;3525;0;0;0;0;361;4053;0;0;
1219000;"Powiat wielicki";4894;5370;5865;6334;5082;5940;4867;5294;4816;4621;4897;5370;5865;6262;5093;5943;4867;5291;4816;4628;0;0;0;0;0;0;0;0;0;0;840;5445;0;0;840;0;0;5481;0;0;
1261000;"Powiat m.Kraków";7000;8076;8154;8860;7130;8376;6856;7922;6653;7396;7002;8094;8157;8860;7132;8381;6857;7943;6654;7423;8503;8956;0;0;9098;0;0;0;7983;0;1661;658;0;0;2405;1637;875;637;5060;602;
1262000;"Powiat m.Nowy Sącz";3837;4638;3894;4935;4208;4955;3825;4698;3518;3918;3841;4643;3894;4935;4215;4967;3832;4698;3518;3918;0;0;0;0;0;0;0;0;0;0;118;0;0;0;0;0;0;0;0;0;
1263000;"Powiat m.Tarnów";3786;4218;4129;4109;4221;4633;3786;4338;3272;3781;3799;4247;4129;4109;4229;4633;3791;4357;3272;3828;0;0;0;0;0;0;0;0;0;0;1484;1101;0;0;760;0;0;1136;0;1040;
1400000;"MAZOWIECKIE";7112;7388;9017;9345;7667;7882;6862;7206;6399;6444;7143;7417;9065;9395;7695;7900;6903;7244;6431;6478;3758;3110;4010;4093;3927;3525;3523;2511;4002;3300;1520;1097;3563;3333;2865;2414;1091;903;951;1046;
1401000;"Powiat białobrzeski";3312;4213;0;0;0;4289;3373;4292;2829;3828;3312;4213;0;4964;4571;4289;3373;4292;2829;3828;0;0;0;0;0;0;0;0;0;0;0;0;0;0;0;0;0;0;0;0;
1402000;"Powiat ciechanowski";3302;3937;3103;3452;3488;3981;3253;3928;3302;3905;3333;3938;3103;3452;3498;3981;3295;3938;3308;3937;0;0;0;0;0;0;0;0;0;0;417;370;0;0;0;0;528;459;102;308;
1403000;"Powiat garwoliński";4374;4619;0;4155;4494;4901;4389;4644;4222;4234;4444;4636;3921;4155;4500;4901;4389;4649;4280;4234;0;0;0;0;0;0;0;0;0;0;2464;0;0;0;0;0;0;0;0;0;
1404000;"Powiat gostyniński";3126;3207;3171;0;2903;2465;2820;3643;2726;2235;3126;3305;3171;0;2903;2748;2820;3647;2853;2667;0;0;0;0;0;0;0;0;0;0;0;1829;0;0;0;0;0;0;0;1652;
1405000;"Powiat grodziski";4946;4759;6501;6447;5644;5500;5227;5189;4040;4183;4952;4759;6501;6447;5644;5511;5233;5195;4044;4183;0;0;0;0;0;0;0;0;0;0;0;0;0;0;0;0;0;0;0;0;
1406000;"Powiat grójecki";3595;4490;0;3901;3563;4399;3708;4614;3430;4518;3599;4508;0;3901;3605;4427;3708;4627;3435;4518;0;0;0;0;0;0;0;0;0;0;2177;2011;0;0;2177;0;0;0;0;0;
1407000;"Powiat kozienicki";3222;3396;0;0;3478;3085;3050;3386;3223;3779;3261;3598;0;0;3509;3092;3258;3409;3226;3922;2731;0;0;0;0;0;2731;0;0;0;2884;2797;0;0;0;0;2901;0;0;2765;
1408000;"Powiat legionowski";4794;5374;5342;5917;5062;5901;5075;5479;4548;4907;4822;5408;5342;5930;5070;5902;5146;5494;4595;4936;0;0;0;0;0;0;0;0;0;0;851;941;0;0;0;0;857;962;840;943;
1409000;"Powiat lipski";2568;2264;0;0;0;2237;2642;2264;0;2810;2506;2474;0;0;0;2762;2543;2301;2346;2965;0;0;0;0;0;0;0;0;0;0;0;518;0;0;0;0;0;0;0;0;
1410000;"Powiat łosicki";3422;2942;0;0;3399;2618;3422;2703;3550;5111;3422;2972;3426;0;3399;2618;3422;2838;3550;5111;0;0;0;0;0;0;0;0;0;0;0;0;0;0;0;0;0;0;0;0;
1411000;"Powiat makowski";3045;2991;0;0;3585;3364;2550;2620;2829;3831;3092;3039;0;0;3585;3641;2550;2620;2829;3831;0;0;0;0;0;0;0;0;0;0;0;0;0;0;0;0;0;0;0;0;
1412000;"Powiat miński";5113;5064;4923;5906;5155;5158;5344;5347;4728;4822;5122;5064;4923;5906;5179;5158;5353;5347;4728;4822;0;0;0;0;0;0;0;0;0;0;0;0;0;0;0;0;0;0;0;0;
1413000;"Powiat mławski";3501;3836;3419;0;3471;3846;3502;3905;3501;3235;3501;3839;3419;3893;3476;3850;3502;3905;3501;3235;0;0;0;0;0;0;0;0;0;0;0;0;0;0;0;0;0;0;0;0;
1414000;"Powiat nowodworski";4499;5225;4471;5495;4598;5301;4626;5105;4177;4359;4502;5225;4475;5495;4616;5301;4641;5105;4185;4359;0;0;0;0;0;0;0;0;0;0;835;0;0;0;0;0;0;0;0;0;
1415000;"Powiat ostrołęcki";0;0;0;0;0;0;0;0;0;0;0;1603;0;0;0;840;0;2365;0;0;0;0;0;0;0;0;0;0;0;0;0;0;0;0;0;0;0;0;0;0;
1416000;"Powiat ostrowski";3996;3871;0;0;4061;3979;3551;3959;3688;3725;3996;3871;0;4963;4061;3979;3681;3959;3688;3725;0;0;0;0;0;0;0;0;0;0;0;0;0;0;0;0;0;0;0;0;
1417000;"Powiat otwocki";5299;5321;6108;0;5572;5450;5483;5697;5133;4807;5299;5328;6108;0;5572;5527;5483;5697;5133;4807;0;0;0;0;0;0;0;0;0;0;0;0;0;0;0;0;0;0;0;0;
1418000;"Powiat piaseczyński";5461;5769;5841;6529;6160;6200;5312;5734;5068;5149;5525;5770;6012;6529;6199;6200;5385;5734;5093;5150;4158;0;3259;0;3927;0;4211;0;4288;0;3755;0;4362;0;3755;0;3535;0;3163;0;
1419000;"Powiat płocki";2487;2282;0;0;2158;1002;2049;2282;3073;2895;2994;2502;0;2151;2172;1327;2387;2282;3073;2895;0;0;0;0;0;0;0;0;0;0;791;0;0;0;0;0;0;0;0;0;
1420000;"Powiat płoński";3385;3847;2621;3429;3631;3918;3417;3885;3008;3735;3412;3865;2621;3429;3631;3918;3417;3924;3092;3735;0;0;0;0;0;0;0;0;0;0;0;0;0;0;0;0;0;0;0;0;
1421000;"Powiat pruszkowski";5664;6063;6425;6593;6131;6240;5892;6212;5209;5739;5667;6068;6430;6527;6116;6240;5910;6220;5209;5748;0;0;0;0;0;0;0;0;0;0;5398;5909;0;6752;8163;6307;1231;5917;6197;4762;
1422000;"Powiat przasnyski";3602;3570;0;4056;3816;3565;3642;3597;3191;3223;3602;3582;3931;4056;3816;3586;3642;3599;3191;3226;0;0;0;0;0;0;0;0;0;0;0;945;0;0;0;935;0;764;0;0;
1423000;"Powiat przysuski";2388;1638;0;0;2199;1129;2279;1609;2552;2420;2747;3172;0;0;2199;2308;2918;3224;2747;3541;0;0;0;0;0;0;0;0;0;0;1061;1046;0;0;0;1037;0;1059;0;1070;
1424000;"Powiat pułtuski";3336;3501;3396;0;3263;3525;3358;3505;2673;2854;3340;3503;3396;0;3280;3534;3358;3505;2743;2854;0;0;0;0;0;0;0;0;0;0;40;0;0;0;0;0;0;0;0;0;
1425000;"Powiat radomski";2134;2301;0;0;2036;2273;2322;2136;2139;2344;2139;2345;0;3500;2068;2273;2322;2345;2140;2396;0;0;0;0;0;0;0;0;0;0;1838;2130;0;0;0;2295;0;2003;0;0;
1426000;"Powiat siedlecki";1627;3085;0;0;0;0;0;0;1804;3138;1961;3085;0;0;1008;1193;2261;2246;2430;3138;0;0;0;0;0;0;0;0;0;0;0;0;0;0;0;0;0;0;0;0;
1427000;"Powiat sierpecki";3080;3554;0;0;3287;4018;2875;3658;3117;2883;3090;3761;3101;3521;3383;4063;2875;3762;3117;2883;0;0;0;0;0;0;0;0;0;0;0;0;0;0;0;0;0;0;0;0;
1428000;"Powiat sochaczewski";3776;4454;4102;3638;4411;4057;3747;4708;3708;4353;3774;4477;4057;3836;4400;4057;3747;4708;3708;4353;0;0;0;0;0;0;0;0;0;0;0;0;0;0;0;0;0;0;0;0;
1429000;"Powiat sokołowski";2954;3745;0;0;3399;4336;2864;3582;2857;3682;2960;4094;3487;4394;3421;4354;2864;3841;2857;3807;0;0;0;0;0;0;0;0;0;0;0;597;0;0;0;0;0;597;0;580;
1430000;"Powiat szydłowiecki";2317;2547;0;0;2208;2249;2108;2703;2941;2500;2317;2615;0;0;2208;2398;2108;2703;2941;2508;0;0;0;0;0;0;0;0;0;0;0;128;0;0;0;0;0;0;0;0;
1432000;"Powiat warszawski zachodni";4942;5551;6570;5645;5847;6020;5579;6168;4505;5020;4984;5617;6570;5901;5852;6168;5612;6169;4520;5020;0;0;0;0;0;0;0;0;0;0;295;3027;0;0;3380;3076;270;2947;1297;0;
1433000;"Powiat węgrowski";3137;3831;0;5369;0;4000;2983;3841;3397;3790;3518;3868;3722;5369;0;4000;3292;3885;3656;3790;0;0;0;0;0;0;0;0;0;0;0;0;0;0;0;0;0;0;0;0;
1434000;"Powiat wołomiński";5122;5591;5338;6442;5496;6440;5371;5821;4567;4955;5128;5600;5338;6449;5498;6440;5371;5830;4567;4958;4003;3606;0;0;0;0;0;0;4003;0;0;0;0;0;0;0;0;0;0;0;
1435000;"Powiat wyszkowski";3941;4688;5769;0;4252;4836;3806;4315;3855;4318;3945;4688;5769;5495;4252;4836;3806;4315;3855;4318;0;0;0;0;0;0;0;0;0;0;0;0;0;0;0;0;0;0;0;0;
1436000;"Powiat zwoleński";2826;1749;0;0;0;0;3080;2112;3406;1568;2826;1997;0;0;2439;1099;3080;2347;3406;1997;0;0;0;0;0;0;0;0;0;0;0;391;0;0;0;0;0;0;0;0;
1437000;"Powiat żuromiński";2576;3422;0;3459;2541;3456;2363;3446;2707;3179;2941;3425;0;3459;2864;3456;2827;3463;2991;3180;0;0;0;0;0;0;0;0;0;0;521;743;0;0;0;0;567;0;498;0;
1438000;"Powiat żyrardowski";4121;4553;4939;4767;3993;4580;4099;4638;3743;3905;4127;4613;4939;4781;3993;4689;4107;4675;3743;3905;0;3638;0;0;0;3638;0;0;0;0;0;0;0;0;0;0;0;0;0;0;
1461000;"Powiat m.Ostrołęka";3424;3988;3717;4194;3430;4280;3420;3802;3388;3855;3428;4132;3718;4194;3430;4361;3420;4093;3419;4025;3065;3112;0;0;0;0;3065;0;0;0;628;640;0;0;653;626;637;645;624;649;
1462000;"Powiat m.Płock";4182;4418;3967;4620;4502;4597;4047;4460;3795;4113;4202;4438;3980;4727;4500;4600;4102;4485;3840;4150;3127;0;0;0;0;0;3127;0;0;0;1267;677;0;0;4545;3287;1267;655;652;673;
1463000;"Powiat m.Radom";4024;4334;4560;4184;4103;4494;3922;4213;3822;4414;4027;4360;4560;4217;4124;4494;3926;4244;3811;4426;0;0;0;0;0;0;0;0;0;0;539;2723;0;2707;539;0;458;2636;0;0;
1464000;"Powiat m.Siedlce";4631;5186;4743;5265;4850;5414;4644;5153;4412;5045;4640;5199;4743;5265;4850;5416;4647;5158;4428;5056;0;0;0;0;0;0;0;0;0;0;2692;3453;0;0;0;0;0;3435;2687;0;
1465000;"Powiat m. st. Warszawa";8722;9327;9929;10595;9063;9667;8634;9134;8227;8895;8722;9327;9928;10595;9063;9668;8635;9134;8228;8893;0;0;0;0;0;0;0;0;0;0;3805;0;0;0;0;0;0;0;3805;0;
1600000;"OPOLSKIE";3138;3766;4845;4356;3789;4464;3000;3643;2905;3184;3296;3949;4883;4936;3982;4645;3158;3869;3010;3432;2136;1795;2201;1190;2000;1989;1716;2137;2451;1612;1257;1103;1391;966;1035;819;1252;1080;1391;1184;
1601000;"Powiat brzeski";2722;3237;3711;3958;2656;2941;2812;3333;2691;2854;2908;3487;3713;3966;2759;3470;2914;3565;2857;3156;0;0;0;0;0;0;0;0;0;0;208;301;0;0;208;209;206;301;222;527;
1602000;"Powiat głubczycki";1679;2329;0;1108;1973;3679;1364;1967;1877;2336;1818;2664;0;3975;2033;3860;1519;2299;1939;2379;0;991;0;0;0;0;0;0;0;0;126;599;0;0;0;664;194;601;94;594;
1603000;"Powiat kędzierzyńsko-kozielski";2397;2523;1812;2474;2323;2469;2442;2543;2420;2574;2399;2609;1812;2441;2356;2422;2449;2664;2385;2653;2036;2292;0;0;0;2494;0;2292;2425;0;2667;2270;0;0;1028;2634;2779;1890;2667;2146;
1604000;"Powiat kluczborski";2526;2748;0;2262;1849;2748;2388;2585;2714;3037;2654;2983;2020;2342;2244;2977;2583;2674;2780;3185;0;1238;0;0;0;1174;0;0;0;0;1363;1301;0;0;1138;960;1346;1104;1412;1395;
1605000;"Powiat krapkowicki";2484;2749;0;0;2532;2827;2249;2436;2800;2918;2529;2764;0;1520;2554;2929;2278;2455;2907;2918;0;0;0;0;0;0;0;0;0;0;540;602;0;0;488;0;0;0;0;0;
1606000;"Powiat namysłowski";3099;3516;0;0;3638;3922;2349;3009;1982;2533;3166;3622;0;3975;3638;3923;2667;3390;2124;2671;0;0;0;0;0;0;0;0;0;0;58;611;0;0;0;589;357;639;58;599;
1607000;"Powiat nyski";2329;2326;3022;2556;2546;3250;2287;2269;2324;2251;2588;2904;3028;3112;2742;3684;2662;2839;2402;2663;1145;765;0;0;0;0;1182;0;0;0;1252;1339;0;0;1071;1472;1253;1304;1263;1319;
1608000;"Powiat oleski";2408;2660;0;0;2512;2761;2340;2537;2476;2662;2492;2661;0;0;2531;2761;2361;2537;2603;2710;0;0;0;0;0;0;0;0;0;0;1314;2545;0;0;0;0;0;0;667;2545;
1609000;"Powiat opolski";2690;2636;2432;0;2557;1991;2796;2985;2583;2464;2783;2811;2432;5537;2581;2080;2850;3024;2772;2464;1710;1893;0;0;0;1893;0;0;0;0;775;0;0;0;525;0;1436;0;775;0;
1610000;"Powiat prudnicki";1605;1876;2182;1005;1476;2211;1656;1677;1555;1985;1639;2058;2182;1005;1476;2211;1768;2058;1575;2058;0;1224;0;0;0;0;0;0;0;0;1151;245;0;0;0;0;1132;260;1474;170;
1611000;"Powiat strzelecki";2665;2917;2404;0;2457;1887;2721;2715;2632;3321;2542;2928;2189;3131;2274;1887;2559;2715;2425;3365;1479;0;0;0;0;0;0;0;0;0;3067;2664;0;0;3245;0;3066;2797;3067;0;
1661000;"Powiat m.Opole";5040;5451;5363;6033;5622;5708;4957;5451;4412;4864;5067;5465;5391;6051;5643;5710;4969;5462;4415;4886;4628;4052;0;0;4377;3736;4647;4040;4085;0;3799;1885;0;0;0;2882;3799;1726;3916;1185;
1800000;"PODKARPACKIE";4542;4910;5269;5758;4932;5517;4546;4880;3848;4304;4592;4988;5269;5782;4986;5562;4601;4992;3923;4352;3006;2558;0;0;3134;2727;3006;0;2668;2371;1830;1275;0;1544;1574;1306;1456;1275;2341;1169;
1801000;"Powiat bieszczadzki";2091;2326;0;0;2503;2023;2129;2373;2057;2429;2167;3137;1416;0;2820;3413;2211;2935;2094;3137;0;0;0;0;0;0;0;0;0;0;1205;217;0;0;0;0;1125;157;1260;217;
1802000;"Powiat brzozowski";2700;2981;2449;0;0;0;2807;2955;2700;2995;2745;2984;2449;5000;2572;2155;2930;2955;2700;2995;0;0;0;0;0;0;0;0;0;0;2229;0;0;0;0;0;2230;0;2227;0;
1803000;"Powiat dębicki";3829;4016;0;0;3887;3973;3880;4135;3721;3878;3876;4044;2556;0;3917;3989;3901;4144;3740;3921;0;0;0;0;0;0;0;0;0;0;1128;1307;0;0;0;0;1081;0;0;0;
1804000;"Powiat jarosławski";3500;3868;0;0;3633;3858;3575;3886;3000;3416;3478;3868;1941;2088;3631;3858;3549;3888;3000;3416;0;0;0;0;0;0;0;0;0;0;0;0;0;0;0;0;0;0;0;0;
1805000;"Powiat jasielski";2464;3018;0;0;2564;3217;2444;2878;2479;3005;2479;3092;0;0;2792;3367;2453;3103;2498;3005;0;2640;0;0;0;0;0;0;0;0;739;800;0;0;0;0;0;0;0;0;
1806000;"Powiat kolbuszowski";3287;3796;0;0;0;1867;3063;4555;3435;3997;3361;4292;0;0;3284;2270;3063;4723;3451;4197;0;0;0;0;0;0;0;0;0;0;0;2222;0;0;0;0;0;0;0;0;
1807000;"Powiat krośnieński";2582;1935;0;0;2791;1678;2957;2628;2286;1687;2582;1948;2000;4526;2791;1604;2957;2746;2286;1426;0;0;0;0;0;0;0;0;0;0;0;0;0;0;0;0;0;0;0;0;
1808000;"Powiat leżajski";1955;2119;0;0;1562;2090;2292;2228;1884;1976;1955;2228;0;0;1562;2216;2272;2340;1891;2198;0;0;0;0;0;0;0;0;0;0;0;1392;0;0;0;0;0;0;0;0;
1809000;"Powiat lubaczowski";2517;2473;0;0;2404;2717;2577;2469;2393;2473;2537;2500;0;1930;2404;2717;2588;2533;2393;2473;0;0;0;0;0;0;0;0;0;0;0;0;0;0;0;0;0;0;0;0;
1810000;"Powiat łańcucki";4111;4657;4317;0;3783;4871;4329;4613;3481;3781;4111;4657;4317;5025;3783;4871;4329;4613;3481;3781;0;0;0;0;0;0;0;0;0;0;0;0;0;0;0;0;0;0;0;0;
1811000;"Powiat mielecki";4195;4450;4487;0;4433;4527;4094;4160;3709;4933;4307;4565;4487;538;4585;4603;4209;4278;4216;5147;0;0;0;0;0;0;0;0;0;0;3340;3706;0;0;3369;3845;3314;3678;3415;3709;
1812000;"Powiat niżański";2819;3333;0;0;2685;3574;2907;3024;3646;3109;2819;3333;0;0;2685;3574;2907;3024;3646;3109;0;0;0;0;0;0;0;0;0;0;0;0;0;0;0;0;0;0;0;0;
1813000;"Powiat przemyski";3065;2362;0;0;3613;2495;3377;2073;2509;2404;3065;2362;0;0;3613;2495;3377;2073;2509;2404;0;0;0;0;0;0;0;0;0;0;0;0;0;0;0;0;0;0;0;0;
1814000;"Powiat przeworski";3080;2798;0;0;2771;3311;3150;2842;2946;2712;3150;3487;3866;0;2805;3388;3198;3702;2946;2496;0;0;0;0;0;0;0;0;0;0;0;2757;0;0;0;0;0;2761;0;2734;
1815000;"Powiat ropczycko-sędziszowski";3510;3774;4651;0;3719;3832;3587;3691;3468;3953;3549;3790;4651;0;3949;3832;3587;3739;3468;3983;0;0;0;0;0;0;0;0;0;0;2334;647;0;0;2315;0;0;0;0;0;
1816000;"Powiat rzeszowski";4476;4602;4297;6752;4505;4703;4397;4499;4241;4298;4476;4604;4297;6752;4505;4703;4397;4499;4241;4298;0;0;0;0;0;0;0;0;0;0;0;0;0;0;0;0;0;0;0;0;
1817000;"Powiat sanocki";3813;3704;0;0;4151;3674;3523;3743;3989;3840;3827;3834;3467;0;4151;3689;3529;3908;3997;3840;0;0;0;0;0;0;0;0;0;0;3275;2800;0;0;0;0;0;2785;3734;0;
1818000;"Powiat stalowowolski";3418;4188;0;0;3435;4196;3354;4211;3423;4154;3459;4244;3126;4274;3448;4232;3490;4300;3424;4163;0;0;0;0;0;0;0;0;0;0;2794;2971;0;0;2849;2931;2707;3030;0;0;
1819000;"Powiat strzyżowski";3140;3873;0;0;3859;5248;2870;3761;2448;3258;3274;3873;0;4911;3859;5248;2733;3761;2448;3258;0;0;0;0;0;0;0;0;0;0;0;0;0;0;0;0;0;0;0;0;
1820000;"Powiat tarnobrzeski";2627;2889;0;0;1975;2604;2583;2688;2657;3021;2753;3143;0;0;3182;3148;2851;2960;2657;3201;0;0;0;0;0;0;0;0;0;0;229;236;0;0;231;233;223;244;0;213;
1821000;"Powiat leski";3467;2927;0;3681;3740;3759;3605;3015;3269;2822;3471;2995;3448;3681;3740;3773;3620;3016;3333;2822;0;0;0;0;0;0;0;0;0;0;1368;0;0;0;0;0;0;0;0;0;
1861000;"Powiat m.Krosno";3841;3981;3469;3025;3967;4131;3846;3922;3598;4146;3844;4071;3469;3025;3967;4166;3849;3931;3598;4146;0;0;0;0;0;0;0;0;0;0;1488;1615;0;0;0;0;1488;0;0;0;
1862000;"Powiat m.Przemyśl";3071;3591;2554;4177;2978;3745;3165;3597;3074;3509;3181;3651;2554;4198;3068;3848;3300;3688;3149;3528;0;1857;0;0;0;0;0;0;0;0;2031;2425;0;0;2031;2646;2031;2284;2305;2928;
1863000;"Powiat m.Rzeszów";5172;5687;5905;6059;5400;5991;5102;5654;4919;5024;5185;5716;5905;6086;5422;6007;5125;5705;4923;5044;0;0;0;0;0;0;0;0;0;0;1000;1100;0;0;1029;1160;1004;1103;915;991;
1864000;"Powiat m.Tarnobrzeg";3145;3486;0;0;3475;4209;3382;3362;3077;3482;3145;3514;2319;2817;3475;4209;3382;3362;3077;3493;0;2567;0;0;0;0;0;0;0;0;0;0;0;0;0;0;0;0;0;0;
2000000;"PODLASKIE";4770;5241;5172;6091;5038;5596;4771;5240;4385;4762;4805;5294;5217;6101;5046;5637;4808;5297;4443;4876;3145;5865;0;0;5398;5897;3630;5394;2758;0;1709;2737;1241;0;1517;4009;2133;2742;1584;2553;
2001000;"Powiat augustowski";4469;5212;5085;5355;4692;5113;4437;5336;4467;4984;4475;5239;5085;5355;4697;5239;4441;5336;4469;4984;0;0;0;0;0;0;0;0;0;0;1655;0;0;0;1535;0;1632;0;0;0;
2002000;"Powiat białostocki";3972;4091;4092;4308;4032;4208;4046;4091;3516;3992;4017;4107;4092;4308;4076;4265;4074;4102;3547;4002;0;2720;0;0;0;0;0;0;0;0;389;475;0;0;322;0;454;1369;0;475;
2003000;"Powiat bielski";3727;4143;4188;4539;4065;4251;3527;3814;2670;3434;3911;4199;4316;4539;4310;4252;3527;4047;2933;3434;0;0;0;0;0;0;0;0;0;0;1757;0;0;0;1726;0;0;0;0;0;
2004000;"Powiat grajewski";3235;3631;0;0;2364;3304;3338;3601;2705;3886;3328;3676;0;2399;2364;3380;3344;3654;2975;3911;0;0;0;0;0;0;0;0;0;0;645;1095;0;0;0;0;637;1124;660;313;
2005000;"Powiat hajnowski";2251;2535;0;0;3805;7455;2251;2429;2164;2422;2601;6688;6106;6224;6032;7494;2702;3445;2263;2422;0;0;0;0;0;0;0;0;0;0;2186;2311;0;0;1013;2122;2225;2297;2128;2412;
2006000;"Powiat kolneński";3307;2755;3398;0;2922;2616;3326;2081;3404;3300;3309;2846;3398;0;3032;2616;3337;2592;3400;3333;0;0;0;0;0;0;0;0;0;0;688;2035;0;0;0;0;0;2053;0;0;
2007000;"Powiat łomżyński";2292;2880;0;0;890;0;1588;1809;2992;2897;2301;2889;0;2500;890;1630;2041;1890;2992;2897;0;0;0;0;0;0;0;0;0;0;0;0;0;0;0;0;0;0;0;0;
2008000;"Powiat moniecki";3503;3947;0;0;3625;3774;3498;4067;3594;3799;3504;3950;0;4347;3625;3828;3498;4067;3594;3799;0;0;0;0;0;0;0;0;0;0;0;0;0;0;0;0;0;0;0;0;
2009000;"Powiat sejneński";3215;2007;0;0;3340;0;3307;2641;2245;725;3282;3099;0;0;3360;4249;3380;3099;2325;2251;0;0;0;0;0;0;0;0;0;0;823;589;0;0;0;0;698;454;0;724;
2010000;"Powiat siemiatycki";2579;2245;0;0;3184;2180;2302;2299;2592;2234;2641;2245;0;0;3184;2180;2646;2299;2613;2234;0;0;0;0;0;0;0;0;0;0;1113;0;0;0;0;0;0;0;0;0;
2011000;"Powiat sokólski";2949;2707;0;0;3362;3333;2168;3371;3078;2303;2965;2707;2025;0;3362;3427;2306;3333;3078;2303;0;0;0;0;0;0;0;0;0;0;0;0;0;0;0;0;0;0;0;0;
2012000;"Powiat suwalski";2199;2037;0;0;0;0;2094;1942;2531;2141;2199;2050;2825;0;3002;0;2094;1942;2531;2218;0;0;0;0;0;0;0;0;0;0;0;0;0;0;0;0;0;0;0;0;
2013000;"Powiat wysokomazowiecki";3478;4399;0;0;4048;4501;3266;4478;3478;4341;3760;4183;0;0;4377;4061;3750;5047;3737;3616;0;0;0;0;0;0;0;0;0;0;2946;4400;0;0;0;4567;2901;4461;2946;4374;
2014000;"Powiat zambrowski";3709;3939;0;0;3333;3690;3710;3991;3957;3769;3709;3939;0;0;3333;3690;3710;3991;3957;3769;0;0;0;0;0;0;0;0;0;0;0;0;0;0;0;0;0;0;0;0;
2061000;"Powiat m.Białystok";5176;5754;6045;6406;5285;5962;5159;5744;4957;5423;5176;5756;6045;6420;5278;5970;5164;5746;4957;5425;5214;5944;0;0;5398;5897;5043;6005;0;0;4687;5234;0;0;0;5486;4044;5270;0;0;
2062000;"Powiat m.Łomża";3730;4379;4495;4982;3696;4322;3693;4248;3752;4463;3749;4408;4495;4982;3697;4385;3775;4347;3752;4523;0;0;0;0;0;0;0;0;0;0;2653;3030;0;0;0;0;2639;2901;0;3254;
2063000;"Powiat m.Suwałki";4104;4412;4334;3596;4211;4364;4064;4547;4035;4186;4133;4412;4334;3596;4211;4364;4069;4551;4119;4186;2771;0;0;0;0;0;3136;0;2755;0;0;0;0;0;0;0;0;0;0;0;
2200000;"POMORSKIE";5838;6278;7476;8212;6357;6959;5726;6089;5000;5316;5926;6357;7500;8270;6410;7005;5849;6167;5142;5408;2624;2367;4755;1892;4533;2568;2321;2589;2245;1997;2304;1620;2128;1953;2858;2318;2245;1583;2171;1613;
2201000;"Powiat bytowski";3206;3504;0;4596;3737;3601;3196;3629;2453;3070;3246;3537;3383;4596;3737;3602;3220;3723;2499;3070;0;0;0;0;0;0;0;0;0;0;746;1311;0;0;0;0;619;2166;1284;0;
2202000;"Powiat chojnicki";3788;4173;3232;3920;3796;4322;3870;4289;3481;3308;3806;4240;3232;3920;3821;4339;3891;4359;3522;3586;0;0;0;0;0;0;0;0;0;0;1374;1559;0;0;1307;1966;1445;1617;1400;1142;
2203000;"Powiat człuchowski";1957;2809;0;2118;1968;3761;1987;2905;1890;2275;2081;2899;2856;2809;2199;3763;2085;2990;2007;2291;1416;959;0;0;0;0;1506;0;0;0;1707;2117;0;0;1799;0;1811;2048;1535;2313;
2204000;"Powiat gdański";5298;5956;5600;6541;5550;6357;5277;6068;4784;4856;5299;5959;5600;6541;5555;6357;5279;6068;4784;4851;0;0;0;0;0;0;0;0;0;0;1295;0;0;0;1292;0;0;0;0;0;
2205000;"Powiat kartuski";3886;4666;4446;5794;3631;5433;4036;4949;4003;4366;3901;4666;4446;5794;3631;5433;4084;4964;4007;4375;0;0;0;0;0;0;0;0;0;0;963;1733;0;0;0;0;1094;0;0;0;
2206000;"Powiat kościerski";4323;4672;4505;5855;4852;4927;4390;4566;3211;3897;3967;4706;3203;5855;4665;4935;3987;4640;3119;4324;5116;0;0;0;5066;0;4939;0;0;0;4908;9;0;0;4852;0;5121;52;4433;9;
2207000;"Powiat kwidzyński";3561;3778;3169;4349;3436;4338;3642;3035;3361;3765;3585;4181;3169;4350;3571;4339;3682;3853;3461;3947;0;2283;0;0;0;0;0;0;0;0;353;590;0;0;754;687;656;586;329;468;
2208000;"Powiat lęborski";3289;3736;5295;4348;3986;4139;3199;3654;3003;3552;3459;3867;6422;4647;4309;4253;3361;3753;3094;3632;1968;2359;0;1863;1941;2594;1937;2400;2355;2109;2212;2167;0;0;2499;0;2200;2114;2213;2249;
2209000;"Powiat malborski";3661;4263;3973;3503;3901;4348;3599;4366;3132;3826;3668;4291;3973;3503;3901;4349;3599;4400;3158;3944;0;1607;0;0;0;0;0;1701;0;0;0;3065;0;0;0;0;0;0;0;2466;
2210000;"Powiat nowodworski";4249;6445;4450;9162;4325;6674;3814;4288;3843;4230;4250;6448;4450;9162;4350;6681;3814;4287;3843;4230;0;0;0;0;0;0;0;0;0;0;0;0;0;0;0;0;0;0;0;0;
2211000;"Powiat pucki";5376;6323;8220;9244;5709;7957;5379;6085;4701;4856;5411;6374;8451;9244;5750;7985;5405;6106;4726;4885;0;4943;0;0;0;0;0;3507;0;0;180;1011;0;0;1230;963;191;818;156;1058;
2212000;"Powiat słupski";3217;4787;4235;4482;4920;6489;3099;4918;3111;3650;3699;5016;4259;4482;4920;6529;3509;5204;3178;3708;0;0;0;0;0;0;0;0;0;0;479;554;0;0;0;0;476;554;467;483;
2213000;"Powiat starogardzki";3990;4323;4716;4087;4075;4469;4105;4219;3661;4346;4075;4339;4750;3873;4075;4488;4173;4264;3693;4366;2345;3837;3412;0;4336;0;2051;3837;0;0;1653;1319;0;0;2062;569;1601;1375;1706;1735;
2214000;"Powiat tczewski";3959;4814;4783;4972;4203;4800;3901;4907;3784;4636;4184;4919;5145;5100;4554;4930;4104;5061;4013;4729;3821;3415;0;0;0;4636;4000;0;0;0;3027;3018;2971;2761;2758;3216;3010;2801;3112;3312;
2215000;"Powiat wejherowski";4718;5000;6012;5972;5102;5455;4677;5000;4243;4535;4732;5002;6000;5972;5100;5462;4684;5004;4265;4572;5708;0;0;0;5708;0;0;0;0;0;3553;844;0;0;4611;781;3509;941;1858;778;
2216000;"Powiat sztumski";1862;1905;0;0;2025;2287;1799;1815;1669;2016;1997;2230;0;2222;2113;2716;1887;1910;1798;2456;0;0;0;0;0;0;0;0;0;0;431;598;0;0;420;0;464;554;0;637;
2261000;"Powiat m.Gdańsk";7165;7931;8345;8639;7323;7997;7127;7807;6715;7590;7193;7935;8346;8639;7336;8000;7154;7807;6745;7590;8518;0;0;0;8159;0;0;0;0;0;4244;5650;0;0;4985;0;4189;0;4141;0;
2262000;"Powiat m.Gdynia";6938;7643;7867;9637;7590;8241;6953;7667;6139;6615;6940;7645;7867;9637;7590;8241;6960;7671;6139;6615;0;0;0;0;0;0;0;0;0;0;474;0;0;0;0;0;0;0;0;0;
2263000;"Powiat m.Słupsk";3505;4082;4121;4576;4170;4504;3622;4107;3005;3561;3716;4194;4135;4577;4198;4537;3850;4221;3088;3748;2135;2514;0;0;0;0;2086;0;0;1924;2296;2339;0;0;2360;3418;2399;2449;2138;2139;
2264000;"Powiat m.Sopot";10543;11981;12903;14172;12129;13075;10180;11248;10374;11151;10716;12029;12903;14172;12225;13099;10208;11356;10584;11193;0;0;0;0;0;0;0;0;0;0;4416;4456;0;0;0;0;5012;0;3695;0;
2400000;"ŚLĄSKIE";3234;3748;3629;4372;3369;4066;3210;3680;3173;3600;3415;3985;4001;4494;3560;4329;3394;3959;3298;3775;2151;2628;2014;3015;2169;2757;2203;2674;1521;1249;443;452;19;749;459;397;444;468;457;419;
2401000;"Powiat będziński";3030;3476;2544;3585;3212;3493;2972;3528;3116;3445;3111;3510;2587;3585;3421;3493;3013;3540;3159;3457;1512;0;0;0;0;0;0;0;0;0;219;216;0;0;1221;0;218;202;217;254;
2402000;"Powiat bielski";3522;4466;2116;4613;3666;4792;3494;4668;2945;3613;3550;4505;2116;4613;3681;4804;3593;4668;3245;3629;2152;1747;0;0;0;1818;3205;0;0;0;0;0;0;0;0;0;0;0;0;0;
2403000;"Powiat cieszyński";3927;4312;5214;6482;4223;5134;3927;4213;3571;3804;4122;4328;5214;6482;4568;5149;4143;4232;3607;3830;0;0;0;0;0;0;0;0;0;0;1180;3003;0;0;1439;0;1049;0;1282;0;
2404000;"Powiat częstochowski";2020;2749;0;0;1394;2836;2023;2674;2418;3927;2352;2930;0;0;2222;2891;2203;2847;3109;3962;0;2679;0;0;0;0;0;2679;0;0;296;421;0;0;328;0;136;421;310;0;
2405000;"Powiat gliwicki";2789;3141;3999;4810;2503;2965;2632;3057;3029;3402;3059;3456;4006;4810;2778;3542;3018;3254;3237;3628;1585;1967;0;0;0;0;2181;0;0;0;343;412;0;0;457;418;336;375;316;616;
2406000;"Powiat kłobucki";3017;3611;0;0;3450;3676;3131;3760;0;910;3116;3676;1733;0;3450;3676;3131;3760;2231;2839;0;0;0;0;0;0;0;0;0;0;0;0;0;0;0;0;0;0;0;0;
2407000;"Powiat lubliniecki";2673;2978;0;0;2226;2225;2939;2978;2654;3333;2681;3034;1748;0;2229;2225;3013;2978;2654;3333;0;0;0;0;0;0;0;0;0;0;0;0;0;0;0;0;0;0;0;0;
2408000;"Powiat mikołowski";3254;3737;0;4847;3052;4439;3246;3492;3373;3888;3336;4285;2449;4933;3129;5209;3313;4027;3384;4118;0;2907;0;0;0;0;0;0;0;0;2946;3190;0;0;0;3211;2945;3206;0;2126;
2409000;"Powiat myszkowski";2413;2757;0;0;2174;3302;2500;2654;2396;3000;2413;2869;0;0;2258;3388;2561;2709;2396;2998;0;0;0;0;0;0;0;0;0;0;2500;2500;0;0;0;0;2500;2500;0;3000;
2410000;"Powiat pszczyński";2945;3445;2640;3579;3635;3703;2897;3488;2927;3174;2985;3534;2640;3579;3643;3916;2986;3646;2936;3195;2033;0;0;0;0;0;2234;0;0;0;2456;830;0;0;0;0;2563;787;0;1773;
2411000;"Powiat raciborski";1818;2300;1434;2174;2034;3340;737;1738;2192;2428;2630;3177;2640;2174;2849;3613;2399;3079;2612;3164;0;2754;0;0;0;2730;0;2781;0;0;542;749;559;0;560;761;534;743;541;737;
2412000;"Powiat rybnicki";2294;2503;0;0;2615;2361;557;2390;2333;2740;2538;2990;0;0;2615;3120;1402;2912;2576;3013;0;0;0;0;0;0;0;0;0;0;345;337;0;0;0;372;329;353;348;301;
2413000;"Powiat tarnogórski";3262;3676;4052;2913;3902;3566;3203;3593;3031;3775;3260;3676;4052;2913;3901;3566;3203;3593;3031;3775;0;0;0;0;0;0;0;0;0;0;0;0;0;0;0;0;0;0;0;0;
2414000;"Powiat bieruńsko-lędziński";3070;3850;4354;4949;3042;3819;3129;3629;2996;3859;3070;3850;4354;4949;3042;3819;3129;3629;3001;3859;0;0;0;0;0;0;0;0;0;0;0;0;0;0;0;0;0;0;0;0;
2415000;"Powiat wodzisławski";2235;2693;0;2994;2158;2930;2142;2632;2596;2667;2234;2693;1372;2994;2160;2930;2140;2632;2574;2667;0;0;0;0;0;0;0;0;0;0;2798;0;0;0;0;0;0;0;0;0;
2416000;"Powiat zawierciański";2217;2813;1329;771;2099;2675;2217;2887;2305;2922;2258;2870;1329;913;1981;2675;2296;2933;2292;2935;2265;0;0;0;0;0;0;0;0;0;1940;1902;0;0;0;0;1809;2082;0;0;
2417000;"Powiat żywiecki";3261;3783;2950;0;3056;3800;3634;3544;3261;4026;3261;3878;2950;4101;3056;3871;3622;3822;3261;4037;0;0;0;0;0;0;0;0;0;0;0;602;0;0;0;0;0;228;0;0;
2461000;"Powiat m.Bielsko-Biała";4505;5059;5297;5843;4650;5449;4596;4920;4150;4625;4510;5106;5297;5843;4663;5449;4607;4995;4153;4694;0;0;0;0;0;0;0;0;0;0;0;1562;0;0;0;0;0;1717;0;1204;
2462000;"Powiat m.Bytom";2036;2354;2102;2896;2025;2359;2034;2374;2046;2305;2265;2622;2464;3451;2227;2632;2275;2667;2274;2536;1135;1483;2014;0;1312;1505;1005;1540;896;1141;96;105;0;111;99;110;96;106;93;101;
2463000;"Powiat m.Chorzów";3297;3759;3538;4315;3494;4077;3231;3833;3354;3444;3536;4094;3538;4315;3710;4309;3438;4073;3561;3940;2196;2476;0;0;0;2476;0;0;0;0;1016;1256;0;0;1009;1265;1005;1228;1023;1274;
2464000;"Powiat m.Częstochowa";3982;4655;4398;4279;4308;4887;3830;4630;3971;4364;4057;4677;4398;4279;4316;4887;3897;4663;4086;4375;0;4791;0;0;0;0;0;0;0;0;563;2316;0;0;595;0;573;2256;506;0;
2465000;"Powiat m.Dąbrowa Górnicza";3360;4043;0;4456;3230;4152;3405;4003;3295;3974;3375;4057;3441;4456;3219;4186;3412;4051;3297;3974;3225;3520;0;0;3321;0;3225;0;0;0;3168;3651;0;0;0;0;1821;3404;0;0;
2466000;"Powiat m.Gliwice";3959;4391;5343;5119;4401;5000;3984;4226;3613;4038;4065;4742;5429;5212;4644;5197;4123;4739;3690;4210;3550;3660;0;5488;3152;3645;3984;3646;3546;3543;1040;1125;0;1026;1053;1076;1007;1125;1142;1145;
2467000;"Powiat m.Jastrzębie-Zdrój";2591;2914;2638;3391;2547;2863;2667;2823;2513;2919;2591;2914;2638;3391;2547;2863;2667;2823;2513;2919;0;0;0;0;0;0;0;0;0;0;0;0;0;0;0;0;0;0;0;0;
2468000;"Powiat m.Jaworzno";3748;4137;0;3968;3526;4403;3784;4100;3753;3981;3753;4139;2347;3968;3551;4348;3786;4148;3753;3986;0;3742;0;0;0;0;0;0;0;0;596;4545;0;0;0;0;0;0;0;0;
2469000;"Powiat m.Katowice";4483;5173;5054;7367;4815;5655;4555;5265;4216;4872;4498;5177;5547;7367;4835;5655;4558;5265;4248;4877;4412;0;0;0;0;0;0;0;0;0;35;0;35;0;35;0;35;0;35;0;
2470000;"Powiat m.Mysłowice";2959;3925;4852;4765;3569;4622;2959;3563;2773;3645;3002;3979;4852;4765;3716;4791;2959;3563;2789;3668;2319;1499;0;0;0;1460;0;0;0;1485;0;0;0;0;0;0;0;0;0;0;
2471000;"Powiat m.Piekary Śląskie";2637;2832;1586;2435;2746;2491;2594;2737;2667;3001;2667;3021;1586;2275;2793;2811;2631;3041;2693;3040;0;0;0;0;0;0;0;0;0;0;1047;1038;0;0;0;1053;1185;1035;133;1209;
2472000;"Powiat m.Ruda Śląska";2464;2995;2172;2908;2490;3057;2609;3106;1660;2184;2760;3151;2548;2958;2720;3156;2927;3295;2854;2853;1487;1526;0;0;1208;0;2355;1550;1305;0;54;830;19;853;54;894;69;882;111;116;
2473000;"Powiat m.Rybnik";3001;3569;3145;3767;3478;3659;2977;3775;2888;3315;3019;3611;3145;3767;3485;3807;2982;3803;2922;3315;0;3142;0;0;0;3230;0;3095;0;0;1583;971;0;0;1256;0;1583;0;1583;0;
2474000;"Powiat m.Siemianowice Śląskie";3550;3816;3646;0;3341;3288;3395;3537;3834;4386;3622;3968;4206;1537;3419;3415;3491;3638;3979;4387;0;0;0;0;0;0;0;0;0;0;2291;1635;0;0;1868;1635;2473;2355;1806;0;
2475000;"Powiat m.Sosnowiec";3180;3933;4616;4828;3268;4117;2994;3918;3198;3540;3273;4111;4928;4846;3318;4333;3220;4083;3226;3636;1635;842;1858;0;1558;2013;1340;718;0;642;524;2167;0;0;520;0;525;0;520;0;
2476000;"Powiat m.Świętochłowice";2593;2511;0;0;2365;2337;2671;2446;2627;2867;2703;3526;2538;4890;2492;3405;2759;3745;2737;3466;2720;1594;0;0;0;0;0;0;0;0;384;385;0;0;680;384;383;385;396;388;
2477000;"Powiat m.Tychy";4516;5082;4502;5458;4683;5409;4399;4970;4438;4775;4532;5099;4502;5458;4685;5424;4406;5006;4438;4775;4111;4394;0;0;3923;0;0;4380;0;0;0;2826;0;0;0;3222;0;2103;0;0;
2478000;"Powiat m.Zabrze";2653;2997;2596;2467;2648;2855;2592;2927;2734;3137;2857;3362;3648;4305;2892;3422;2836;3295;2873;3397;2177;2615;0;2681;2277;2553;1866;2720;1440;2820;457;261;443;274;459;266;457;255;439;264;
2479000;"Powiat m.Żory";3526;3626;3553;3799;3579;3991;3321;3714;3582;3411;3594;3665;3553;3913;3730;3991;3511;3760;3591;3411;0;0;0;0;0;0;0;0;0;0;521;627;0;0;519;0;523;540;0;0;
2600000;"ŚWIĘTOKRZYSKIE";4046;4781;4945;5175;4569;5250;3889;4591;3738;4414;4125;4839;4945;5176;4593;5263;4000;4653;3817;4444;2632;4011;0;0;0;0;2632;4011;0;0;1403;961;0;0;2836;1768;293;1162;1403;736;
2601000;"Powiat buski";3823;4140;0;4900;4000;4585;3549;3261;3823;4075;3840;4167;2594;4900;4000;4585;3612;3289;3823;4075;0;0;0;0;0;0;0;0;0;0;0;0;0;0;0;0;0;0;0;0;
2602000;"Powiat jędrzejowski";2657;2958;0;0;2297;2446;2714;2958;2656;2988;2665;2988;0;3553;2432;2446;2736;2989;2656;2988;2104;0;0;0;0;0;2632;0;0;0;0;2505;0;0;0;0;0;2505;0;0;
2603000;"Powiat kazimierski";2326;2083;5292;0;2326;5128;2116;2562;1066;1054;2500;2759;5292;0;2326;5163;2116;2066;1136;2465;0;0;0;0;0;0;0;0;0;0;0;210;0;0;0;0;0;0;0;210;
2604000;"Powiat kielecki";4380;4161;0;0;4797;4273;4380;4226;3735;3226;4380;4273;0;0;4797;4513;4380;4355;3828;3226;0;0;0;0;0;0;0;0;0;0;1289;3242;0;0;0;0;0;0;0;0;
2605000;"Powiat konecki";2641;3229;0;0;2632;3996;2625;2764;2793;2821;2641;3247;2353;0;2632;3996;2625;2876;2793;2821;0;0;0;0;0;0;0;0;0;0;0;0;0;0;0;0;0;0;0;0;
2606000;"Powiat opatowski";2326;2449;0;0;1726;3056;2385;2483;2342;1652;2404;2761;3834;0;1986;3143;2385;3822;2439;1834;0;0;0;0;0;0;0;0;0;0;0;697;0;0;0;0;0;856;0;0;
2607000;"Powiat ostrowiecki";2510;3052;0;0;2716;3112;2484;3023;2528;2927;2510;3052;0;0;2716;3112;2484;3023;2528;2927;0;0;0;0;0;0;0;0;0;0;0;0;0;0;0;0;0;0;0;0;
2608000;"Powiat pińczowski";2170;2904;0;0;2679;0;2116;2861;2071;2949;2184;2958;0;0;2679;1288;2170;2964;2071;2952;0;0;0;0;0;0;0;0;0;0;0;1170;0;0;0;0;0;1185;0;0;
2609000;"Powiat sandomierski";3380;3929;0;0;0;3961;3704;4166;3243;3409;3380;3929;3503;2500;2978;3961;3704;4166;3243;3409;0;0;0;0;0;0;0;0;0;0;0;0;0;0;0;0;0;0;0;0;
2610000;"Powiat skarżyski";2838;3305;0;0;2860;3232;2806;3192;2900;3407;2838;3305;0;0;2860;3232;2806;3192;2900;3407;0;0;0;0;0;0;0;0;0;0;0;0;0;0;0;0;0;0;0;0;
2611000;"Powiat starachowicki";3346;3864;2648;0;3272;3966;3474;3797;3314;3896;3346;3877;2648;3630;3272;3967;3474;3797;3314;3932;0;0;0;0;0;0;0;0;0;0;0;0;0;0;0;0;0;0;0;0;
2612000;"Powiat staszowski";2614;3303;1412;3605;2038;3401;2961;2961;2500;3212;2711;3314;1412;3605;2038;3401;2961;2967;2570;3212;0;0;0;0;0;0;0;0;0;0;0;0;0;0;0;0;0;0;0;0;
2613000;"Powiat włoszczowski";2898;2807;0;0;3377;2373;3456;3060;2356;3147;2961;3118;3722;0;3750;2448;3496;4004;2356;3147;0;0;0;0;0;0;0;0;0;0;2514;158;0;0;0;0;0;158;1494;0;
2661000;"Powiat m.Kielce";4737;5272;5085;5228;5000;5605;4576;5152;4436;5036;4793;5306;5111;5228;5013;5621;4679;5198;4478;5057;0;4059;0;0;0;0;0;4059;0;0;565;3023;0;0;2828;961;293;3038;2954;3113;
2800000;"WARMIŃSKO-MAZURSKIE";3629;4252;4493;4892;3794;4499;3641;4244;3382;4064;3770;4378;4530;5025;3891;4608;3789;4395;3532;4201;2605;2057;0;0;2605;2405;2600;1762;2778;1767;611;783;1194;907;976;862;583;820;602;668;
2801000;"Powiat bartoszycki";2020;2024;0;1647;1888;1967;1875;1905;2174;2192;2170;2041;2595;1542;2074;1911;2077;1988;2255;2375;0;0;0;0;0;0;0;0;0;0;138;1163;0;0;769;1651;138;1163;445;56;
2802000;"Powiat braniewski";2147;2004;1580;0;2019;1718;2025;2251;2632;2189;2696;2693;1983;928;2264;2057;2575;2917;3070;3022;2382;1753;0;0;0;0;2500;1762;0;0;1718;1465;1580;0;1059;1585;1643;1542;1836;1465;
2803000;"Powiat działdowski";2948;3066;2782;3395;3000;3153;2973;3278;2384;2521;2966;3125;2782;3395;3014;3189;2974;3321;2480;2553;0;0;0;0;0;0;0;0;0;0;284;645;0;0;137;703;1227;172;342;645;
2804000;"Powiat elbląski";2310;2099;0;0;2686;1502;2466;2247;2046;2105;2597;2379;2099;3003;2787;1963;2927;2336;2266;2610;0;0;0;0;0;0;0;0;0;0;339;311;0;0;0;161;179;164;539;435;
2805000;"Powiat ełcki";3837;4145;4083;4210;4122;4302;3747;4197;3687;4000;3892;4193;4083;4210;4193;4311;3841;4228;3824;4037;0;0;0;0;0;0;0;0;0;0;291;382;0;0;265;823;309;413;290;350;
2806000;"Powiat giżycki";3416;4597;4954;4727;4079;5059;3517;4692;2975;4282;3542;4640;5086;4727;4102;5109;3700;4759;3029;4282;2885;3333;0;0;2751;0;0;0;0;0;350;404;0;0;395;0;346;412;362;155;
2807000;"Powiat iławski";3697;3903;4108;4664;3603;3937;3803;3888;3400;3850;3699;3903;4108;4664;3603;3947;3845;3888;3400;3850;0;0;0;0;0;0;0;0;0;0;2104;0;0;0;0;0;2104;0;0;0;
2808000;"Powiat kętrzyński";1923;2207;2835;1885;1849;2294;1938;2280;2015;2203;2119;2410;3344;1785;1916;2964;2175;2396;2152;2306;0;0;0;0;0;0;0;0;0;0;1717;906;0;0;1768;160;1717;1331;1696;238;
2809000;"Powiat lidzbarski";2119;2268;2838;2931;2119;1977;1962;2370;2492;2095;2340;2415;2250;2931;2119;2030;2181;2748;2700;2333;1508;1548;0;0;0;0;0;0;0;0;1908;1679;0;0;2622;2558;1869;1527;1793;1811;
2810000;"Powiat mrągowski";3356;3713;3739;4941;3501;4540;3441;3730;2797;2523;3447;4071;3739;5000;3501;4938;3600;4207;2834;3051;0;2512;0;0;0;0;0;0;0;0;1592;1171;0;0;0;0;1465;1534;1647;785;
2811000;"Powiat nidzicki";2940;3264;3102;2976;3297;3452;2751;3385;2652;2399;3098;3273;3102;2976;3297;3452;2991;3399;2692;2399;0;0;0;0;0;0;0;0;0;0;1907;0;0;0;1863;0;1913;0;1966;0;
2812000;"Powiat nowomiejski";2592;2726;3986;2830;3498;2215;2660;3210;2047;1804;2592;2730;3986;2830;3498;2215;2660;3216;2047;1804;0;0;0;0;0;0;0;0;0;0;0;0;0;0;0;0;0;0;0;0;
2813000;"Powiat olecki";2430;2845;2351;0;2959;3596;2641;3036;1974;2282;2439;2845;2351;2483;2959;3596;2641;3036;2047;2282;0;0;0;0;0;0;0;0;0;0;515;0;0;0;0;0;0;0;515;0;
2814000;"Powiat olsztyński";4378;4806;4526;5089;4286;4762;4366;4779;4340;4830;4396;4850;4526;5089;4312;4848;4385;4826;4381;4849;0;0;0;0;0;0;0;0;0;0;119;879;0;0;447;1262;117;880;171;114;
2815000;"Powiat ostródzki";2806;4104;3892;3600;3004;4106;2784;4290;2621;3760;2918;4197;3892;3767;3093;4107;2846;4344;2634;3776;0;1392;0;0;0;0;0;0;0;0;1488;1181;0;0;1174;0;1216;1225;1762;1000;
2816000;"Powiat piski";1648;2174;2176;2028;1892;2379;1450;2068;1926;2719;2268;2701;3118;2151;2339;3152;2044;2294;2476;3046;1286;1728;0;0;0;0;1413;0;1386;1728;127;123;0;0;197;145;162;133;109;113;
2817000;"Powiat szczycieński";3024;3353;1565;4569;3098;3375;3097;3372;2694;3242;3124;3444;3406;4569;3402;3397;3151;3472;2968;3280;0;0;0;0;0;0;0;0;0;0;2290;2674;0;0;2224;2656;2421;2677;1707;2606;
2818000;"Powiat gołdapski";2674;2913;3302;3487;3077;3339;2713;2637;2322;2760;2716;2915;3303;3487;3077;3339;2725;2743;2357;2760;0;0;0;0;0;0;0;0;0;0;1283;0;0;0;0;0;146;0;0;0;
2819000;"Powiat węgorzewski";3083;2791;3030;3311;3279;2688;3088;2704;2580;2677;3111;2810;3030;3311;3285;2688;3222;2930;2584;2734;0;0;0;0;0;0;0;0;0;0;658;2326;0;0;0;0;0;2326;0;0;
2861000;"Powiat m.Elbląg";3793;4404;4425;5357;4098;4510;3648;4386;3739;4368;3929;4462;4518;5450;4167;4569;3892;4449;3864;4418;2822;3429;0;0;0;0;0;0;0;0;513;612;0;0;663;663;388;529;593;631;
2862000;"Powiat m.Olsztyn";5198;5754;5726;6397;5399;6069;5286;5742;4853;5396;5243;5789;5732;6471;5457;6102;5340;5768;4874;5449;4475;3146;0;0;5177;0;4533;0;4325;2713;3301;888;0;0;2953;984;3499;869;3192;844;
3000000;"WIELKOPOLSKIE";4165;4578;5850;5961;4560;4885;4169;4502;3856;4105;4217;4628;5949;5988;4594;4917;4245;4547;3896;4149;2492;3315;0;3714;2710;3538;2492;2873;1357;1342;983;912;1001;1111;774;943;1085;925;857;869;
3001000;"Powiat chodzieski";3228;3155;0;0;3501;3675;3497;3307;2551;2701;3317;3648;0;0;3501;3675;3499;3682;2653;3190;0;0;0;0;0;0;0;0;0;0;0;939;0;0;0;0;0;1250;0;827;
3002000;"Powiat czarnkowsko-trzcianecki";3593;2978;0;4404;3593;3807;3593;2850;3593;2817;3594;3205;4286;4458;3593;3892;3593;3218;3601;2871;0;0;0;0;0;0;0;0;0;0;0;728;0;0;0;0;0;1035;0;138;
3003000;"Powiat gnieźnieński";3633;3893;4374;4731;4207;4655;3442;3739;3040;3713;3841;4068;4407;4744;4257;4675;3548;3906;3222;3761;2119;2589;0;0;2062;2304;0;3344;0;0;1316;1615;0;0;1071;1602;1515;1231;1021;2548;
3004000;"Powiat gostyński";3611;2876;2664;2962;3703;3263;3802;3417;2760;2781;3676;2935;3318;2962;3705;3373;3815;3648;2787;2786;0;1401;0;0;0;0;0;0;0;0;1189;0;0;0;0;0;1785;0;471;0;
3005000;"Powiat grodziski";3363;3677;0;0;3472;3867;3426;3673;3120;2962;3426;3677;0;0;3472;3875;3426;3673;3120;3333;0;0;0;0;0;0;0;0;0;0;245;69;0;0;0;0;245;0;0;69;
3006000;"Powiat jarociński";3086;3473;0;4127;2535;3600;3231;3535;3074;3144;3097;3484;3988;4127;2535;3602;3238;3535;3080;3172;0;0;0;0;0;0;0;0;0;0;500;433;0;0;0;0;0;433;0;0;
3007000;"Powiat kaliski";3687;2836;0;0;1376;0;4092;1631;3852;3839;3798;2836;0;2778;2060;809;4092;1631;3852;3839;0;0;0;0;0;0;0;0;0;0;0;0;0;0;0;0;0;0;0;0;
3008000;"Powiat kępiński";3740;4674;3796;4885;3193;4852;3778;4528;3518;3739;3743;4692;3796;4885;3193;4852;3777;4544;3544;3739;0;0;0;0;0;0;0;0;0;0;3518;0;0;0;0;0;0;0;0;0;
3009000;"Powiat kolski";2910;3756;0;4956;2112;4841;3029;3346;3014;3652;2928;3768;2351;4956;2112;4841;3099;3346;3096;3693;0;0;0;0;0;0;0;0;0;0;2083;0;0;0;0;0;0;0;0;0;
3010000;"Powiat koniński";2394;2497;0;0;2439;2381;2241;2424;2406;2603;2607;2652;0;2704;2607;2687;2934;2562;2465;2624;0;0;0;0;0;0;0;0;0;0;840;2243;0;0;8;48;840;2308;0;2532;
3011000;"Powiat kościański";3551;3807;0;4109;3676;3820;3347;3976;2195;3441;3567;3835;2129;4207;3676;3840;3383;3988;2341;3521;0;0;0;0;0;0;0;0;0;0;1332;966;0;0;0;3690;0;1256;0;371;
3012000;"Powiat krotoszyński";3720;3527;3853;2404;3849;4158;3726;3506;2887;3167;3733;3654;3853;2614;3869;4167;3736;3555;2937;3317;0;0;0;0;0;0;0;0;0;0;392;362;0;0;0;0;354;381;394;361;
3013000;"Powiat leszczyński";3043;3536;4174;4668;4107;4400;2859;3352;2978;3353;3095;3538;4174;4668;4138;4400;3088;3352;2982;3357;0;0;0;0;0;0;0;0;0;0;881;911;0;0;0;0;971;407;0;0;
3014000;"Powiat międzychodzki";2135;2829;2511;3717;2405;2008;1631;3000;2540;2820;2577;3002;2511;3717;2406;1873;2767;3224;2623;2853;0;4031;0;0;0;4361;0;0;0;0;677;769;0;0;0;0;731;999;571;677;
3015000;"Powiat nowotomyski";3140;3736;0;4032;2767;3647;3187;3901;3202;3567;3253;3806;4896;4032;2800;3647;3320;3902;3228;3573;0;0;0;0;0;0;0;0;0;0;1469;1446;0;0;0;0;1200;1411;1524;1446;
3016000;"Powiat obornicki";3845;4149;4659;4481;3962;4510;3855;4139;3363;3561;3852;4181;4783;4481;3963;4555;3855;4161;3402;3638;0;0;0;0;0;0;0;0;0;0;1196;2018;0;0;0;0;0;1963;1531;0;
3017000;"Powiat ostrowski";3647;3929;3847;4203;3807;4334;3700;3801;3120;3237;3676;3981;3847;4222;3807;4356;3707;3897;3178;3364;0;0;0;0;0;0;0;0;0;0;845;2494;0;0;0;2961;0;1932;500;2535;
3018000;"Powiat ostrzeszowski";3196;3735;0;0;0;3803;3196;3715;2821;3644;3316;3748;0;0;3892;3811;3256;3723;2835;3657;0;0;0;0;0;0;0;0;0;0;0;0;0;0;0;0;0;0;0;0;
3019000;"Powiat pilski";4087;4679;4400;4435;4367;4794;4048;4494;3862;4408;4232;4702;4573;4688;4403;4795;4230;4603;4013;4529;3998;3760;0;3938;4072;0;0;0;0;0;671;807;0;0;661;883;714;779;650;773;
3020000;"Powiat pleszewski";3303;3529;0;0;3261;4009;3275;3513;3480;2801;3392;3552;0;2715;3261;4050;3430;3521;3480;2927;0;0;0;0;0;0;0;0;0;0;731;650;0;0;0;0;1085;0;0;0;
3021000;"Powiat poznański";4493;4723;5094;5165;4837;4984;4626;4800;4200;4395;4493;4725;5094;5165;4837;4994;4626;4800;4200;4396;0;0;0;0;0;0;0;0;0;0;0;3289;0;0;0;622;0;4625;0;2295;
3022000;"Powiat rawicki";3285;3644;0;0;3741;3945;3263;3463;3069;3683;3468;3828;2662;3748;3754;4229;3395;3659;3287;3841;0;0;0;0;0;0;0;0;0;0;372;629;0;0;0;574;705;638;269;629;
3023000;"Powiat słupecki";2981;3241;3210;0;3281;1991;3387;3797;2351;2716;3368;3629;3210;3470;3375;2800;3795;3835;2705;2816;0;0;0;0;0;0;0;0;0;0;2171;1895;0;0;0;0;2176;2095;1927;1998;
3024000;"Powiat szamotulski";3616;3912;3515;4513;4005;4464;3701;3834;3501;3523;3662;3959;3515;4513;4006;4469;3756;3883;3527;3540;0;0;0;0;0;0;0;0;0;0;862;670;0;0;1567;0;945;597;456;670;
3025000;"Powiat średzki";3601;3549;3701;0;3702;3802;3527;3498;3523;3480;3602;3549;3701;3723;3706;3802;3527;3498;3523;3480;0;0;0;0;0;0;0;0;0;0;0;0;0;0;0;0;0;0;0;0;
3026000;"Powiat śremski";3789;4203;0;4209;3995;4465;3659;4282;3275;3284;3798;4225;3996;4256;3997;4476;3702;4287;3286;3298;0;3436;0;0;0;0;0;0;0;0;1232;1409;0;0;0;0;1129;0;0;0;
3027000;"Powiat turecki";3106;3285;0;3636;3667;3008;3096;3394;2857;3191;3237;3386;0;3636;3806;3127;3212;3426;2891;3223;0;0;0;0;0;0;0;0;0;0;529;785;0;0;0;0;579;827;523;583;
3028000;"Powiat wągrowiecki";3201;3535;0;0;3517;4343;3081;3702;2540;2956;3275;3604;0;3080;3519;4399;3097;3703;2540;3004;0;0;0;0;0;0;0;0;0;0;614;476;0;0;0;0;665;606;0;37;
3029000;"Powiat wolsztyński";3490;4118;0;0;4476;4367;3516;4191;3191;4009;3500;4118;3377;0;4476;4367;3758;4191;3191;4009;0;0;0;0;0;0;0;0;0;0;1176;0;0;0;0;0;1176;0;0;0;
3030000;"Powiat wrzesiński";3902;4014;4018;3513;3985;4099;3895;4100;3385;3650;3916;4027;4054;3513;4000;4103;3906;4102;3507;3742;0;0;0;0;0;0;0;0;0;0;144;1510;0;0;549;125;363;521;117;1912;
3031000;"Powiat złotowski";3115;3361;3734;3515;3258;3703;3251;3668;2135;2406;3209;3475;3734;3584;3291;3709;3322;3703;2194;2489;0;0;0;0;0;0;0;0;0;0;1554;995;0;0;622;0;1922;1945;1795;835;
3061000;"Powiat m.Kalisz";3645;4148;3950;4087;3958;4000;3641;4298;3396;3938;3658;4150;3950;4087;4000;4000;3648;4299;3399;3928;2492;0;0;0;0;0;2492;0;0;0;0;3293;0;0;0;0;0;0;0;4133;
3062000;"Powiat m.Konin";3324;4024;3702;5995;3503;4247;3323;3997;3215;3874;3375;4024;3702;5995;3535;4247;3398;3997;3236;3874;3164;0;0;0;0;0;3521;0;0;0;2780;3333;0;0;2729;0;2770;0;2905;0;
3063000;"Powiat m.Leszno";4068;4184;4300;3930;4594;4599;4419;4320;3669;3737;4223;4286;4300;3930;4600;4605;4482;4401;3743;3800;0;0;0;0;0;0;0;0;0;0;2713;2252;0;0;0;0;2628;2869;2635;2185;
3064000;"Powiat m.Poznań";6498;6892;7183;7192;6638;7185;6441;6835;5864;6295;6500;6896;7183;7191;6638;7184;6441;6843;5872;6304;0;0;0;0;0;0;0;0;0;0;1486;672;0;0;0;7719;6358;2875;430;223;
3200000;"ZACHODNIOPOMORSKIE";4447;4086;5761;6684;5294;5280;4167;3698;3686;3442;4536;4236;5797;6812;5365;5536;4319;3912;3791;3642;1889;1937;0;0;1865;2258;1794;2087;2519;1960;804;299;1097;292;843;226;549;292;1039;389;
3201000;"Powiat białogardzki";2212;2470;1796;1389;2500;2908;2340;2553;2041;2099;2361;2545;1881;1389;2534;2908;2460;2586;2225;2394;1299;0;0;0;0;0;0;0;0;0;461;433;0;0;615;0;433;455;522;427;
3202000;"Powiat choszczeński";2313;2594;1278;3058;1735;2268;2149;2653;2656;2745;2500;2716;1278;3058;1735;2292;2368;2735;2675;2874;0;784;0;0;0;0;0;0;0;0;385;941;0;0;0;0;287;1251;617;693;
3203000;"Powiat drawski";2257;2396;0;0;2268;2484;2118;2448;2306;2306;2381;2504;3325;1858;2345;2492;2291;2597;2434;2403;1140;0;0;0;0;0;0;0;0;0;1368;1541;0;0;0;0;427;1235;1483;1624;
3204000;"Powiat goleniowski";4239;4386;4683;5404;4696;4858;4334;4374;3836;3991;4249;4464;4683;5404;4700;4892;4461;4436;3912;4097;0;0;0;0;0;0;0;0;0;0;1257;2652;0;0;1784;0;1164;3009;944;1046;
3205000;"Powiat gryficki";2578;2991;2500;5714;2492;3989;2629;2953;2573;2710;2738;3214;2500;5714;2750;4323;2855;3368;2625;2894;0;1489;0;0;0;0;0;0;0;0;778;143;0;0;865;1086;209;106;1763;119;
3206000;"Powiat gryfiński";2576;2528;3591;787;2358;3559;1864;2022;2878;2498;2910;3179;4780;787;3205;4427;2564;2872;3029;3125;2254;0;0;0;2254;0;0;0;0;0;357;400;0;0;511;386;337;465;189;305;
3207000;"Powiat kamieński";8237;9751;12337;10907;9838;10603;3496;4313;2906;4882;8442;9775;12373;10907;9838;10739;3681;4634;2906;5036;0;0;0;0;0;0;0;0;0;0;945;817;0;0;0;0;573;631;2580;0;
3208000;"Powiat kołobrzeski";6072;6792;6426;8477;7145;7941;5542;5531;4717;4993;6112;6844;6426;8477;7184;7941;5567;5563;4721;4993;4022;0;0;0;0;0;0;0;0;0;4224;4837;0;0;4112;0;3853;4837;0;0;
3209000;"Powiat koszaliński";3441;6403;3441;8573;7615;7380;2633;3439;2569;2827;3441;6604;3441;8573;7651;7423;2905;4037;2693;2967;0;0;0;0;0;0;0;0;0;0;156;145;0;0;239;101;172;148;131;426;
3210000;"Powiat myśliborski";2648;3347;5150;3878;2404;3554;2743;3045;2617;3318;2888;3428;5150;3878;2557;3555;3002;3162;2867;3344;0;0;0;0;0;0;0;0;0;0;679;2257;0;0;255;0;328;2186;804;2248;
3211000;"Powiat policki";4656;5404;5529;5774;5187;5628;4811;5626;4382;4955;4693;5451;5529;5774;5197;5667;5001;5645;4386;4982;0;0;0;0;0;0;0;0;0;0;550;623;0;0;0;0;556;2295;532;613;
3212000;"Powiat pyrzycki";2807;2454;2809;3178;3357;3023;2662;2429;2786;2350;2918;2913;2809;3556;3502;4056;3021;2690;2786;2913;0;0;0;0;0;0;0;0;0;0;152;51;0;0;0;60;152;47;0;49;
3213000;"Powiat sławieński";3736;4508;7968;6210;5497;6311;3042;3310;2658;3064;3784;4664;7968;6210;5497;6318;3077;3345;2658;3064;0;3808;0;0;0;0;0;0;0;0;1109;1384;0;0;0;0;0;0;0;0;
3214000;"Powiat stargardzki";3875;4285;4244;4327;4133;4417;3877;4308;3393;3972;3883;4289;4244;4327;4139;4417;3891;4308;3398;4000;0;4016;0;0;0;0;0;4016;0;0;204;2601;0;0;0;0;1374;4524;0;2372;
3215000;"Powiat szczecinecki";2849;3637;2188;3787;3182;3863;2818;3647;2624;3051;2920;3676;2188;3787;3237;3864;2919;3739;2813;3222;2202;1960;0;0;0;0;2243;2706;0;0;1963;2077;0;0;1846;0;2080;2090;1874;1975;
3216000;"Powiat świdwiński";1980;1318;2190;1753;1982;1168;2144;1125;1924;1720;2124;2201;2008;3241;1987;2141;2178;2052;2045;2368;0;0;0;0;0;0;0;0;0;0;1589;162;0;288;0;149;1515;121;1628;279;
3217000;"Powiat wałecki";2947;3323;2480;2512;2868;3573;3149;3473;2608;2504;3017;3570;2501;2994;2933;3576;3172;3577;2645;2979;1336;0;0;0;0;0;759;0;0;0;2255;1370;0;1581;1257;1576;2275;1542;2583;389;
3218000;"Powiat łobeski";1761;2500;0;0;1662;2454;1547;3254;2117;2132;1767;2597;1099;0;1662;2465;1559;3478;2161;2139;1008;0;0;0;0;0;0;0;0;0;0;545;0;0;0;0;0;787;0;0;
3261000;"Powiat m.Koszalin";4555;0;5147;0;4797;0;4556;0;4167;0;4558;0;5147;0;4800;0;4558;0;4167;0;0;0;0;0;0;0;0;0;0;0;3355;0;0;0;0;0;0;0;0;0;
3262000;"Powiat m.Szczecin";5364;5573;5904;6157;5676;6332;5253;5678;4825;5199;5370;5578;5911;6157;5686;6332;5256;5678;4836;5199;2874;0;0;0;0;0;0;0;0;0;1097;0;0;0;1097;0;3248;0;0;0;
3263000;"Powiat m.Świnoujście";7693;8191;8269;8571;8056;8490;7500;7730;6229;7445;7696;8202;8269;8571;8167;8498;7542;7736;6229;7445;0;0;0;0;0;0;0;0;0;0;0;0;0;0;0;0;0;0;0;0;
